{"stats":{"minecraft:used":{"minecraft:cherry_sapling":10,"minecraft:water_bucket":41,"minecraft:dark_oak_stairs":24,"minecraft:stone_sword":42,"minecraft:shield":13,"minecraft:chest":3,"minecraft:stone_pickaxe":91,"minecraft:oak_planks":10,"minecraft:wooden_pickaxe":9,"minecraft:cherry_planks":244,"minecraft:cooked_salmon":8,"minecraft:stone_hoe":131,"minecraft:torch":68,"minecraft:dirt":15,"minecraft:crafting_table":9,"minecraft:white_bed":8,"minecraft:dark_oak_door":2,"minecraft:dark_oak_planks":65,"minecraft:wooden_axe":53,"minecraft:dark_oak_log":44,"minecraft:iron_pickaxe":51,"minecraft:stone_axe":175,"minecraft:cobblestone":17,"minecraft:dark_oak_boat":1,"minecraft:goat_horn":1,"minecraft:furnace":3,"minecraft:cooked_porkchop":10,"minecraft:bucket":42,"minecraft:cooked_beef":5},"minecraft:picked_up":{"minecraft:pink_petals":13,"minecraft:crafting_table":7,"minecraft:azure_bluet":39,"minecraft:feather":1,"minecraft:cooked_beef":6,"minecraft:chicken":1,"minecraft:cherry_planks":20,"minecraft:andesite":4,"minecraft:salmon":7,"minecraft:leather":4,"minecraft:wooden_pickaxe":1,"minecraft:potion":1,"minecraft:oak_log":9,"minecraft:dirt":15,"minecraft:leather_boots":1,"minecraft:cooked_mutton":4,"minecraft:apple":1,"minecraft:wheat_seeds":17,"minecraft:beef":4,"minecraft:glass_bottle":2,"minecraft:dark_oak_stairs":14,"minecraft:furnace":2,"minecraft:dark_oak_door":2,"minecraft:stick":4,"minecraft:raw_iron":27,"minecraft:dandelion":1,"minecraft:dripstone_block":3,"minecraft:porkchop":22,"minecraft:cherry_log":56,"minecraft:pointed_dripstone":1,"minecraft:diorite":1,"minecraft:white_bed":7,"minecraft:redstone":5,"minecraft:dark_oak_log":79,"minecraft:goat_horn":1,"minecraft:dark_oak_planks":8,"minecraft:rotten_flesh":7,"minecraft:iron_helmet":1,"minecraft:cherry_sapling":14,"minecraft:mutton":11,"minecraft:coal":72,"minecraft:white_wool":6,"minecraft:cobblestone":73},"minecraft:dropped":{"minecraft:wheat_seeds":3,"minecraft:azure_bluet":10,"minecraft:pink_petals":1,"minecraft:white_wool":1},"minecraft:killed":{"minecraft:pig":9,"minecraft:witch":1,"minecraft:salmon":8,"minecraft:skeleton":1,"minecraft:sheep":6,"minecraft:zombie":4,"minecraft:chicken":1,"minecraft:cow":2},"minecraft:custom":{"minecraft:interact_with_furnace":44,"minecraft:mob_kills":32,"minecraft:interact_with_crafting_table":22,"minecraft:leave_game":3,"minecraft:time_since_death":167116,"minecraft:sleep_in_bed":10,"minecraft:time_since_rest":17679,"minecraft:sprint_one_cm":229723,"minecraft:damage_taken":1306,"minecraft:walk_one_cm":575355,"minecraft:damage_blocked_by_shield":450,"minecraft:drop":5,"minecraft:damage_dealt":2853,"minecraft:swim_one_cm":12757,"minecraft:fly_one_cm":392165,"minecraft:open_chest":20,"minecraft:crouch_one_cm":38337,"minecraft:play_time":167116,"minecraft:sneak_time":11472,"minecraft:walk_under_water_one_cm":21738,"minecraft:boat_one_cm":22940,"minecraft:jump":3352,"minecraft:walk_on_water_one_cm":43157,"minecraft:total_world_time":167116,"minecraft:fall_one_cm":81717,"minecraft:horse_one_cm":6999},"minecraft:mined":{"minecraft:dark_oak_planks":9,"minecraft:white_bed":6,"minecraft:cherry_planks":21,"minecraft:dark_oak_leaves":2,"minecraft:sculk_vein":1,"minecraft:cherry_log":56,"minecraft:dark_oak_log":79,"minecraft:powder_snow":1,"minecraft:crafting_table":6,"minecraft:short_grass":21,"minecraft:grass_block":15,"minecraft:tall_grass":4,"minecraft:sculk":131,"minecraft:diorite":1,"minecraft:pink_petals":5,"minecraft:iron_ore":27,"minecraft:andesite":4,"minecraft:azure_bluet":1,"minecraft:dark_oak_stairs":13,"minecraft:pointed_dripstone":2,"minecraft:oak_log":9,"minecraft:coal_ore":68,"minecraft:cherry_leaves":6,"minecraft:dripstone_block":1,"minecraft:packed_ice":3,"minecraft:stone":46,"minecraft:oak_leaves":10},"minecraft:crafted":{"minecraft:cherry_planks":224,"minecraft:oak_planks":36,"minecraft:cooked_porkchop":10,"minecraft:dark_oak_stairs":12,"minecraft:leather_boots":2,"minecraft:dark_oak_boat":1,"minecraft:crafting_table":2,"minecraft:furnace":1,"minecraft:cooked_salmon":12,"minecraft:bucket":1,"minecraft:stone_axe":2,"minecraft:cooked_mutton":5,"minecraft:air":0,"minecraft:iron_chestplate":2,"minecraft:yellow_dye":1,"minecraft:shield":1,"minecraft:stick":40,"minecraft:stone_pickaxe":1,"minecraft:iron_ingot":20,"minecraft:iron_pickaxe":1,"minecraft:wooden_axe":1,"minecraft:stone_sword":1,"minecraft:chest":3,"minecraft:white_bed":1,"minecraft:dark_oak_planks":140,"minecraft:torch":116,"minecraft:stone_hoe":1},"minecraft:broken":{"minecraft:stone_axe":1,"minecraft:wooden_axe":1,"minecraft:stone_hoe":1}},"DataVersion":3953}