{"stats":{"minecraft:used":{"minecraft:dark_oak_stairs":19,"minecraft:cherry_sapling":10,"minecraft:water_bucket":22,"minecraft:stone_sword":22,"minecraft:stone_pickaxe":91,"minecraft:oak_planks":10,"minecraft:chest":2,"minecraft:wooden_pickaxe":9,"minecraft:cherry_planks":202,"minecraft:cooked_salmon":8,"minecraft:torch":46,"minecraft:dirt":8,"minecraft:crafting_table":8,"minecraft:white_bed":8,"minecraft:dark_oak_planks":61,"minecraft:wooden_axe":53,"minecraft:dark_oak_log":44,"minecraft:stone_axe":157,"minecraft:cobblestone":17,"minecraft:dark_oak_boat":1,"minecraft:goat_horn":1,"minecraft:furnace":3,"minecraft:cooked_porkchop":7,"minecraft:bucket":23},"minecraft:picked_up":{"minecraft:pink_petals":12,"minecraft:crafting_table":7,"minecraft:azure_bluet":33,"minecraft:feather":1,"minecraft:cooked_beef":6,"minecraft:cherry_planks":9,"minecraft:chicken":1,"minecraft:andesite":4,"minecraft:salmon":7,"minecraft:leather":4,"minecraft:wooden_pickaxe":1,"minecraft:potion":1,"minecraft:oak_log":9,"minecraft:dirt":15,"minecraft:cooked_mutton":4,"minecraft:leather_boots":1,"minecraft:apple":1,"minecraft:wheat_seeds":11,"minecraft:beef":4,"minecraft:glass_bottle":2,"minecraft:dark_oak_stairs":11,"minecraft:furnace":2,"minecraft:stick":4,"minecraft:raw_iron":22,"minecraft:dandelion":1,"minecraft:dripstone_block":3,"minecraft:porkchop":19,"minecraft:cherry_log":56,"minecraft:diorite":1,"minecraft:white_bed":7,"minecraft:redstone":5,"minecraft:dark_oak_log":79,"minecraft:goat_horn":1,"minecraft:dark_oak_planks":5,"minecraft:rotten_flesh":3,"minecraft:cherry_sapling":14,"minecraft:mutton":11,"minecraft:coal":31,"minecraft:white_wool":6,"minecraft:cobblestone":67},"minecraft:dropped":{"minecraft:wheat_seeds":3,"minecraft:azure_bluet":10,"minecraft:white_wool":1},"minecraft:killed":{"minecraft:pig":8,"minecraft:witch":1,"minecraft:salmon":8,"minecraft:sheep":6,"minecraft:zombie":1,"minecraft:chicken":1,"minecraft:cow":2},"minecraft:custom":{"minecraft:interact_with_furnace":29,"minecraft:mob_kills":27,"minecraft:interact_with_crafting_table":17,"minecraft:time_since_death":95809,"minecraft:sleep_in_bed":8,"minecraft:time_since_rest":144,"minecraft:sprint_one_cm":114271,"minecraft:damage_taken":968,"minecraft:walk_one_cm":360884,"minecraft:drop":4,"minecraft:damage_dealt":2170,"minecraft:swim_one_cm":6043,"minecraft:fly_one_cm":156720,"minecraft:open_chest":3,"minecraft:crouch_one_cm":14193,"minecraft:play_time":95809,"minecraft:sneak_time":5438,"minecraft:walk_under_water_one_cm":9660,"minecraft:boat_one_cm":22940,"minecraft:jump":1563,"minecraft:walk_on_water_one_cm":11886,"minecraft:total_world_time":95809,"minecraft:fall_one_cm":37613,"minecraft:horse_one_cm":6999},"minecraft:mined":{"minecraft:dark_oak_planks":5,"minecraft:white_bed":6,"minecraft:cherry_planks":9,"minecraft:dark_oak_leaves":2,"minecraft:cherry_log":56,"minecraft:dark_oak_log":79,"minecraft:powder_snow":1,"minecraft:crafting_table":6,"minecraft:short_grass":2,"minecraft:grass_block":15,"minecraft:tall_grass":4,"minecraft:diorite":1,"minecraft:pink_petals":3,"minecraft:iron_ore":22,"minecraft:andesite":4,"minecraft:dark_oak_stairs":11,"minecraft:coal_ore":31,"minecraft:oak_log":9,"minecraft:cherry_leaves":6,"minecraft:dripstone_block":1,"minecraft:stone":39,"minecraft:oak_leaves":10},"minecraft:crafted":{"minecraft:cherry_planks":224,"minecraft:oak_planks":36,"minecraft:dark_oak_stairs":8,"minecraft:cooked_porkchop":10,"minecraft:leather_boots":1,"minecraft:dark_oak_boat":1,"minecraft:crafting_table":2,"minecraft:furnace":1,"minecraft:cooked_salmon":12,"minecraft:bucket":1,"minecraft:stone_axe":2,"minecraft:air":0,"minecraft:iron_chestplate":1,"minecraft:yellow_dye":1,"minecraft:shield":1,"minecraft:stick":24,"minecraft:iron_ingot":13,"minecraft:stone_pickaxe":1,"minecraft:wooden_axe":1,"minecraft:stone_sword":1,"minecraft:chest":3,"minecraft:white_bed":1,"minecraft:dark_oak_planks":140,"minecraft:torch":64},"minecraft:broken":{"minecraft:stone_axe":1,"minecraft:wooden_axe":1}},"DataVersion":3953}