{"stats":{"minecraft:used":{"minecraft:crafting_table":1,"minecraft:stone_pickaxe":49,"minecraft:wooden_pickaxe":3},"minecraft:mined":{"minecraft:pointed_dripstone":9,"minecraft:oak_log":10,"minecraft:coal_ore":34,"minecraft:iron_ore":1,"minecraft:stone":8,"minecraft:oak_leaves":1},"minecraft:custom":{"minecraft:time_since_rest":41827,"minecraft:crouch_one_cm":928,"minecraft:sprint_one_cm":4977,"minecraft:play_time":41827,"minecraft:damage_taken":20,"minecraft:walk_one_cm":35455,"minecraft:sneak_time":319,"minecraft:jump":200,"minecraft:leave_game":2,"minecraft:walk_on_water_one_cm":287,"minecraft:time_since_death":41827,"minecraft:total_world_time":41827,"minecraft:interact_with_crafting_table":2,"minecraft:fall_one_cm":4783,"minecraft:fly_one_cm":8283},"minecraft:picked_up":{"minecraft:raw_iron":1,"minecraft:oak_log":10,"minecraft:pointed_dripstone":13,"minecraft:coal":34,"minecraft:cobblestone":8},"minecraft:crafted":{"minecraft:oak_planks":40,"minecraft:crafting_table":1,"minecraft:stick":8,"minecraft:wooden_pickaxe":1,"minecraft:stone_pickaxe":1}},"DataVersion":3953}