{"stats":{"minecraft:custom":{"minecraft:mob_kills":39,"minecraft:interact_with_crafting_table":37,"minecraft:leave_game":4,"minecraft:time_since_death":436200,"minecraft:climb_one_cm":4690,"minecraft:sprint_one_cm":477934,"minecraft:walk_one_cm":1406619,"minecraft:damage_blocked_by_shield":885,"minecraft:drop":55,"minecraft:talked_to_villager":2,"minecraft:play_time":436200,"minecraft:sneak_time":133012,"minecraft:walk_under_water_one_cm":32037,"minecraft:boat_one_cm":22940,"minecraft:jump":6870,"minecraft:walk_on_water_one_cm":65396,"minecraft:total_world_time":436200,"minecraft:interact_with_furnace":63,"minecraft:interact_with_stonecutter":3,"minecraft:sleep_in_bed":16,"minecraft:time_since_rest":25837,"minecraft:damage_taken":1916,"minecraft:damage_dealt":3870,"minecraft:swim_one_cm":12757,"minecraft:fly_one_cm":723881,"minecraft:open_chest":89,"minecraft:crouch_one_cm":518854,"minecraft:use_cauldron":1,"minecraft:fall_one_cm":197705,"minecraft:horse_one_cm":6999},"minecraft:crafted":{"minecraft:cherry_planks":580,"minecraft:oak_planks":36,"minecraft:spyglass":1,"minecraft:leather_boots":2,"minecraft:dark_oak_boat":1,"minecraft:furnace":1,"minecraft:stone":3,"minecraft:cooked_mutton":5,"minecraft:stone_pickaxe":3,"minecraft:chest":3,"minecraft:dark_oak_planks":216,"minecraft:stone_hoe":4,"minecraft:cauldron":2,"minecraft:cooked_porkchop":13,"minecraft:dark_oak_stairs":12,"minecraft:crafting_table":5,"minecraft:spruce_planks":32,"minecraft:cooked_salmon":12,"minecraft:copper_ingot":16,"minecraft:bucket":1,"minecraft:stone_axe":3,"minecraft:air":0,"minecraft:iron_chestplate":2,"minecraft:yellow_dye":1,"minecraft:shield":1,"minecraft:stick":96,"minecraft:iron_ingot":38,"minecraft:iron_pickaxe":2,"minecraft:wooden_axe":1,"minecraft:stone_sword":1,"minecraft:iron_shovel":1,"minecraft:stonecutter":1,"minecraft:white_bed":1,"minecraft:music_disc_5":1,"minecraft:torch":328},"minecraft:picked_up":{"minecraft:crafting_table":8,"minecraft:azure_bluet":94,"minecraft:chicken":1,"minecraft:leather_leggings":1,"minecraft:lead":1,"minecraft:wooden_pickaxe":1,"minecraft:gold_block":2,"minecraft:potion":2,"minecraft:enchanted_book":3,"minecraft:diamond_horse_armor":1,"minecraft:music_disc_cat":3,"minecraft:polished_blackstone_brick_stairs":4,"minecraft:iron_leggings":1,"minecraft:sticky_piston":5,"minecraft:experience_bottle":5,"minecraft:deepslate_tiles":1,"minecraft:cobbled_deepslate":154,"minecraft:bucket":2,"minecraft:beef":4,"minecraft:echo_shard":2,"minecraft:poppy":45,"minecraft:enchanted_golden_apple":1,"minecraft:lectern":1,"minecraft:chest":12,"minecraft:egg":1,"minecraft:blue_wool":9,"minecraft:furnace":2,"minecraft:dark_oak_door":2,"minecraft:polished_blackstone_brick_slab":9,"minecraft:stick":17,"minecraft:raw_iron":43,"minecraft:torch":12,"minecraft:porkchop":22,"minecraft:polished_blackstone_bricks":5,"minecraft:target":1,"minecraft:cherry_log":145,"minecraft:diorite":17,"minecraft:pointed_dripstone":2,"minecraft:redstone":5,"minecraft:deepslate_tile_stairs":2,"minecraft:goat_horn":1,"minecraft:dark_oak_planks":12,"minecraft:arrow":3,"minecraft:rotten_flesh":9,"minecraft:light_blue_wool":7,"minecraft:shears":1,"minecraft:deepslate_bricks":2,"minecraft:cracked_deepslate_bricks":1,"minecraft:saddle":3,"minecraft:mutton":13,"minecraft:white_wool":7,"minecraft:cobblestone":150,"minecraft:pink_petals":25,"minecraft:magma_block":12,"minecraft:feather":1,"minecraft:cooked_beef":6,"minecraft:cherry_planks":45,"minecraft:andesite":4,"minecraft:salmon":7,"minecraft:leather":4,"minecraft:tuff":12,"minecraft:oak_log":9,"minecraft:gunpowder":2,"minecraft:deepslate_tile_slab":3,"minecraft:dirt":127,"minecraft:disc_fragment_5":1,"minecraft:leather_boots":2,"minecraft:cooked_mutton":4,"minecraft:bone":35,"minecraft:apple":1,"minecraft:gray_carpet":2,"minecraft:wheat_seeds":42,"minecraft:glass_bottle":2,"minecraft:gray_bed":1,"minecraft:dark_oak_stairs":14,"minecraft:soul_sand":45,"minecraft:music_disc_13":1,"minecraft:sculk":13,"minecraft:dandelion":1,"minecraft:dripstone_block":3,"minecraft:polished_blackstone_slab":12,"minecraft:spruce_sapling":3,"minecraft:soul_torch":30,"minecraft:white_bed":7,"minecraft:spruce_log":8,"minecraft:dark_oak_log":79,"minecraft:iron_hoe":1,"minecraft:sculk_sensor":2,"minecraft:diamond":1,"minecraft:cracked_polished_blackstone_bricks":1,"minecraft:iron_helmet":1,"minecraft:granite":8,"minecraft:cherry_sapling":31,"minecraft:gray_wool":89,"minecraft:netherrack":339,"minecraft:coal":99},"minecraft:mined":{"minecraft:dark_oak_planks":12,"minecraft:tuff":12,"minecraft:white_bed":6,"minecraft:light_blue_wool":7,"minecraft:dark_oak_leaves":2,"minecraft:deepslate_diamond_ore":1,"minecraft:sculk_vein":243,"minecraft:cherry_log":145,"minecraft:dark_oak_log":79,"minecraft:granite":8,"minecraft:grass_block":48,"minecraft:cracked_polished_blackstone_bricks":1,"minecraft:polished_blackstone_brick_slab":9,"minecraft:spruce_leaves":49,"minecraft:blue_wool":9,"minecraft:large_fern":2,"minecraft:polished_blackstone_bricks":5,"minecraft:magma_block":14,"minecraft:iron_ore":43,"minecraft:sticky_piston":5,"minecraft:andesite":4,"minecraft:target":1,"minecraft:gold_block":2,"minecraft:azure_bluet":1,"minecraft:dark_oak_stairs":13,"minecraft:sculk_shrieker":17,"minecraft:pointed_dripstone":2,"minecraft:packed_ice":4,"minecraft:stone":102,"minecraft:glass_pane":1,"minecraft:cherry_planks":46,"minecraft:soul_sand":48,"minecraft:deepslate_tile_slab":7,"minecraft:powder_snow":1,"minecraft:crafting_table":7,"minecraft:short_grass":28,"minecraft:poppy":2,"minecraft:chest":7,"minecraft:sculk_sensor":217,"minecraft:lectern":1,"minecraft:tall_grass":4,"minecraft:cobblestone":16,"minecraft:polished_blackstone_brick_stairs":4,"minecraft:sculk":4230,"minecraft:diorite":18,"minecraft:wall_torch":1,"minecraft:pink_petals":6,"minecraft:gray_wool":89,"minecraft:polished_blackstone_slab":10,"minecraft:wheat":1,"minecraft:spruce_log":8,"minecraft:oak_log":9,"minecraft:coal_ore":73,"minecraft:cherry_leaves":10,"minecraft:dripstone_block":1,"minecraft:dirt":87,"minecraft:gray_carpet":2,"minecraft:netherrack":336,"minecraft:oak_leaves":10,"minecraft:deepslate":104},"minecraft:broken":{"minecraft:stone_hoe":2,"minecraft:stone_pickaxe":1,"minecraft:stone_axe":2,"minecraft:iron_pickaxe":2,"minecraft:wooden_axe":1},"minecraft:dropped":{"minecraft:enchanted_book":3,"minecraft:stone_hoe":2,"minecraft:iron_ingot":1,"minecraft:wheat_seeds":3,"minecraft:cobblestone":23,"minecraft:music_disc_13":1,"minecraft:deepslate_tile_stairs":2,"minecraft:gray_wool":6,"minecraft:sculk":13,"minecraft:diorite":16,"minecraft:cherry_planks":32,"minecraft:potion":1,"minecraft:amethyst_shard":8,"minecraft:iron_pickaxe":1,"minecraft:pink_petals":1,"minecraft:white_wool":1,"minecraft:bucket":2,"minecraft:music_disc_cat":3,"minecraft:gray_carpet":1,"minecraft:soul_torch":30,"minecraft:cobbled_deepslate":18,"minecraft:tuff":12,"minecraft:raw_iron":2,"minecraft:pointed_dripstone":1,"minecraft:sculk_sensor":2,"minecraft:iron_hoe":1,"minecraft:azure_bluet":10,"minecraft:echo_shard":6,"minecraft:deepslate_bricks":2,"minecraft:deepslate_tiles":1,"minecraft:leather_boots":1,"minecraft:leather_leggings":1,"minecraft:cracked_deepslate_bricks":1},"minecraft:killed":{"minecraft:witch":1,"minecraft:skeleton":2,"minecraft:chicken":1,"minecraft:pig":9,"minecraft:salmon":8,"minecraft:bat":1,"minecraft:creeper":2,"minecraft:sheep":6,"minecraft:zombie":6,"minecraft:cow":2},"minecraft:used":{"minecraft:cherry_sapling":26,"minecraft:stone_sword":56,"minecraft:iron_shovel":110,"minecraft:spruce_planks":10,"minecraft:diamond_hoe":4375,"minecraft:chest":15,"minecraft:shield":20,"minecraft:sculk":6,"minecraft:cooked_salmon":12,"minecraft:stone_hoe":336,"minecraft:netherrack":275,"minecraft:torch":312,"minecraft:dirt":17,"minecraft:spyglass":1,"minecraft:target":1,"minecraft:deepslate_tile_slab":86,"minecraft:dark_oak_planks":119,"minecraft:wooden_axe":53,"minecraft:lava_bucket":5,"minecraft:golden_sword":1,"minecraft:dark_oak_boat":1,"minecraft:goat_horn":1,"minecraft:furnace":3,"minecraft:gray_bed":1,"minecraft:gold_block":1,"minecraft:cooked_beef":6,"minecraft:cobbled_deepslate":36,"minecraft:pointed_dripstone":3,"minecraft:wheat_seeds":1,"minecraft:cooked_mutton":9,"minecraft:dark_oak_stairs":24,"minecraft:water_bucket":95,"minecraft:stone_pickaxe":230,"minecraft:gray_carpet":1,"minecraft:oak_planks":10,"minecraft:blue_wool":9,"minecraft:wooden_pickaxe":9,"minecraft:cherry_planks":593,"minecraft:cauldron":2,"minecraft:stonecutter":1,"minecraft:glow_berries":7,"minecraft:crafting_table":13,"minecraft:light_blue_wool":7,"minecraft:white_bed":8,"minecraft:shears":73,"minecraft:dark_oak_door":2,"minecraft:dark_oak_log":44,"minecraft:iron_pickaxe":544,"minecraft:stone_axe":322,"minecraft:cobblestone":73,"minecraft:cooked_porkchop":13,"minecraft:bucket":100,"minecraft:gray_wool":71,"minecraft:experience_bottle":7}},"DataVersion":3953}