{"stats":{"minecraft:used":{"minecraft:stone_sword":19,"minecraft:stone_pickaxe":69,"minecraft:wooden_pickaxe":9,"minecraft:cooked_salmon":3,"minecraft:torch":39,"minecraft:dirt":8,"minecraft:crafting_table":5,"minecraft:white_bed":4,"minecraft:wooden_axe":53,"minecraft:stone_axe":29,"minecraft:cobblestone":17,"minecraft:dark_oak_boat":1,"minecraft:furnace":1,"minecraft:cooked_porkchop":7,"minecraft:bucket":1},"minecraft:picked_up":{"minecraft:pink_petals":2,"minecraft:crafting_table":5,"minecraft:feather":1,"minecraft:chicken":1,"minecraft:salmon":7,"minecraft:leather":4,"minecraft:wooden_pickaxe":1,"minecraft:potion":1,"minecraft:oak_log":9,"minecraft:dirt":9,"minecraft:apple":1,"minecraft:beef":4,"minecraft:glass_bottle":2,"minecraft:raw_iron":22,"minecraft:dandelion":1,"minecraft:porkchop":19,"minecraft:white_bed":4,"minecraft:redstone":5,"minecraft:dark_oak_log":49,"minecraft:mutton":8,"minecraft:coal":25,"minecraft:white_wool":4,"minecraft:cobblestone":33},"minecraft:dropped":{"minecraft:white_wool":1},"minecraft:killed":{"minecraft:pig":8,"minecraft:witch":1,"minecraft:salmon":8,"minecraft:sheep":4,"minecraft:chicken":1,"minecraft:cow":2},"minecraft:custom":{"minecraft:interact_with_furnace":28,"minecraft:mob_kills":24,"minecraft:interact_with_crafting_table":12,"minecraft:time_since_death":41809,"minecraft:sleep_in_bed":3,"minecraft:time_since_rest":948,"minecraft:sprint_one_cm":57814,"minecraft:damage_taken":680,"minecraft:walk_one_cm":153884,"minecraft:drop":1,"minecraft:damage_dealt":1810,"minecraft:swim_one_cm":6043,"minecraft:fly_one_cm":69804,"minecraft:crouch_one_cm":11288,"minecraft:play_time":41809,"minecraft:sneak_time":4083,"minecraft:walk_under_water_one_cm":9145,"minecraft:boat_one_cm":22940,"minecraft:jump":979,"minecraft:walk_on_water_one_cm":3210,"minecraft:total_world_time":41809,"minecraft:fall_one_cm":23057,"minecraft:horse_one_cm":6999},"minecraft:mined":{"minecraft:white_bed":3,"minecraft:dark_oak_leaves":2,"minecraft:dark_oak_log":48,"minecraft:crafting_table":5,"minecraft:short_grass":1,"minecraft:grass_block":9,"minecraft:iron_ore":22,"minecraft:coal_ore":25,"minecraft:oak_log":9,"minecraft:stone":29,"minecraft:oak_leaves":10},"minecraft:crafted":{"minecraft:cooked_porkchop":10,"minecraft:dark_oak_boat":1,"minecraft:crafting_table":1,"minecraft:furnace":1,"minecraft:cooked_salmon":12,"minecraft:bucket":1,"minecraft:stone_axe":1,"minecraft:air":0,"minecraft:iron_chestplate":1,"minecraft:shield":1,"minecraft:stick":20,"minecraft:iron_ingot":13,"minecraft:stone_pickaxe":1,"minecraft:wooden_axe":1,"minecraft:stone_sword":1,"minecraft:white_bed":1,"minecraft:dark_oak_planks":36,"minecraft:torch":40},"minecraft:broken":{"minecraft:wooden_axe":1}},"DataVersion":3953}