{"stats":{"minecraft:dropped":{"minecraft:diamond":11,"minecraft:music_disc_13":1,"minecraft:deepslate_tile_stairs":2,"minecraft:amethyst_shard":8,"minecraft:iron_pickaxe":1,"minecraft:cherry_door":6,"minecraft:white_wool":1,"minecraft:bone":2,"minecraft:gravel":12,"minecraft:stone_axe":1,"minecraft:cobbled_deepslate":163,"minecraft:pointed_dripstone":1,"minecraft:rotten_flesh":4,"minecraft:azure_bluet":10,"minecraft:echo_shard":6,"minecraft:deepslate_tiles":1,"minecraft:melon_seeds":6,"minecraft:beetroot_seeds":6,"minecraft:leather_boots":2,"minecraft:leather_leggings":1,"minecraft:enchanted_book":3,"minecraft:stone_hoe":2,"minecraft:iron_ingot":1,"minecraft:wheat_seeds":3,"minecraft:cobblestone":27,"minecraft:gray_wool":6,"minecraft:sculk":13,"minecraft:diorite":16,"minecraft:cherry_planks":32,"minecraft:potion":1,"minecraft:chainmail_leggings":1,"minecraft:music_disc_cat":3,"minecraft:pink_petals":6,"minecraft:bucket":3,"minecraft:gray_carpet":1,"minecraft:soul_torch":30,"minecraft:stone_sword":1,"minecraft:tuff":20,"minecraft:raw_iron":2,"minecraft:sculk_sensor":2,"minecraft:iron_hoe":2,"minecraft:deepslate_bricks":2,"minecraft:diamond_pickaxe":1,"minecraft:andesite":5,"minecraft:diamond_boots":1,"minecraft:stone_pickaxe":4,"minecraft:cracked_deepslate_bricks":1},"minecraft:broken":{"minecraft:iron_shovel":1,"minecraft:stone_pickaxe":1,"minecraft:stone_axe":4,"minecraft:wooden_axe":1,"minecraft:stone_shovel":1,"minecraft:stone_hoe":2,"minecraft:iron_pickaxe":2},"minecraft:used":{"minecraft:cherry_sapling":61,"minecraft:iron_shovel":250,"minecraft:diamond_hoe":12651,"minecraft:chest":15,"minecraft:shield":26,"minecraft:iron_sword":11,"minecraft:deepslate_tile_slab":125,"minecraft:cyan_wool":45,"minecraft:lava_bucket":8,"minecraft:golden_sword":18,"minecraft:bow":37,"minecraft:dark_oak_boat":2,"minecraft:furnace":3,"minecraft:gray_bed":1,"minecraft:gold_block":1,"minecraft:dark_oak_stairs":24,"minecraft:diorite":4,"minecraft:stone_pickaxe":370,"minecraft:gray_carpet":1,"minecraft:oak_planks":10,"minecraft:wooden_pickaxe":9,"minecraft:glow_berries":7,"minecraft:light_blue_wool":29,"minecraft:blast_furnace":1,"minecraft:shears":205,"minecraft:dark_oak_log":44,"minecraft:bread":1,"minecraft:smithing_table":1,"minecraft:experience_bottle":7,"minecraft:stone_sword":68,"minecraft:stone_shovel":131,"minecraft:spruce_planks":10,"minecraft:sculk":6,"minecraft:cooked_salmon":12,"minecraft:stone_hoe":336,"minecraft:netherrack":317,"minecraft:torch":591,"minecraft:dirt":185,"minecraft:spyglass":72,"minecraft:target":1,"minecraft:dark_oak_planks":119,"minecraft:wooden_axe":53,"minecraft:cherry_slab":11,"minecraft:cherry_fence_gate":3,"minecraft:goat_horn":1,"minecraft:cherry_fence":21,"minecraft:cooked_beef":6,"minecraft:cobbled_deepslate":238,"minecraft:cherry_log":3,"minecraft:pointed_dripstone":3,"minecraft:wheat_seeds":1,"minecraft:cooked_mutton":11,"minecraft:water_bucket":114,"minecraft:blue_wool":21,"minecraft:cherry_planks":653,"minecraft:cauldron":2,"minecraft:fletching_table":1,"minecraft:stonecutter":1,"minecraft:crafting_table":18,"minecraft:white_bed":8,"minecraft:dark_oak_door":2,"minecraft:diamond_pickaxe":409,"minecraft:cherry_door":2,"minecraft:iron_pickaxe":661,"minecraft:stone_axe":718,"minecraft:cherry_stairs":73,"minecraft:cobblestone":79,"minecraft:cobbled_deepslate_slab":16,"minecraft:cooked_porkchop":24,"minecraft:bucket":123,"minecraft:gray_wool":83,"minecraft:soul_torch":2},"minecraft:custom":{"minecraft:interact_with_crafting_table":64,"minecraft:leave_game":8,"minecraft:time_since_death":734535,"minecraft:sprint_one_cm":692941,"minecraft:damage_blocked_by_shield":1439,"minecraft:drop":91,"minecraft:talked_to_villager":33,"minecraft:play_time":734535,"minecraft:jump":10089,"minecraft:walk_on_water_one_cm":77970,"minecraft:enchant_item":6,"minecraft:interact_with_furnace":76,"minecraft:traded_with_villager":71,"minecraft:sleep_in_bed":21,"minecraft:damage_dealt":5154,"minecraft:crouch_one_cm":805753,"minecraft:use_cauldron":3,"minecraft:horse_one_cm":11340,"minecraft:mob_kills":64,"minecraft:climb_one_cm":6500,"minecraft:walk_one_cm":2567382,"minecraft:sneak_time":212220,"minecraft:walk_under_water_one_cm":53025,"minecraft:boat_one_cm":23865,"minecraft:total_world_time":734535,"minecraft:interact_with_stonecutter":3,"minecraft:time_since_rest":215351,"minecraft:damage_taken":2461,"minecraft:swim_one_cm":35697,"minecraft:fly_one_cm":893675,"minecraft:open_chest":186,"minecraft:fall_one_cm":276426},"minecraft:mined":{"minecraft:dark_oak_planks":12,"minecraft:white_bed":6,"minecraft:cherry_log":445,"minecraft:sculk_vein":746,"minecraft:granite":24,"minecraft:chiseled_polished_blackstone":1,"minecraft:grass_block":125,"minecraft:cracked_polished_blackstone_bricks":2,"minecraft:soul_soil":2,"minecraft:polished_blackstone_brick_slab":9,"minecraft:blue_wool":21,"minecraft:spawner":2,"minecraft:polished_blackstone_bricks":8,"minecraft:magma_block":14,"minecraft:sculk_catalyst":23,"minecraft:iron_ore":44,"minecraft:sticky_piston":5,"minecraft:cobbled_deepslate":49,"minecraft:target":1,"minecraft:fletching_table":1,"minecraft:azure_bluet":1,"minecraft:dark_oak_stairs":13,"minecraft:sculk_shrieker":33,"minecraft:pointed_dripstone":2,"minecraft:deepslate_redstone_ore":2,"minecraft:deepslate_tile_slab":60,"minecraft:powder_snow":1,"minecraft:torch":6,"minecraft:poppy":2,"minecraft:chest":7,"minecraft:cobblestone":29,"minecraft:wall_torch":6,"minecraft:cherry_slab":5,"minecraft:pink_petals":12,"minecraft:cyan_wool":48,"minecraft:cherry_fence":6,"minecraft:wheat":1,"minecraft:cherry_door":1,"minecraft:oak_log":9,"minecraft:dirt":341,"minecraft:netherrack":349,"minecraft:oak_leaves":10,"minecraft:deepslate":489,"minecraft:tuff":30,"minecraft:light_blue_wool":29,"minecraft:dark_oak_leaves":2,"minecraft:deepslate_diamond_ore":18,"minecraft:cherry_sapling":1,"minecraft:dark_oak_log":79,"minecraft:cobbled_deepslate_slab":3,"minecraft:spruce_leaves":49,"minecraft:large_fern":2,"minecraft:andesite":9,"minecraft:gold_block":2,"minecraft:deepslate_iron_ore":17,"minecraft:packed_ice":4,"minecraft:stone":136,"minecraft:cherry_fence_gate":3,"minecraft:cherry_stairs":41,"minecraft:smithing_table":1,"minecraft:glass_pane":1,"minecraft:cherry_planks":53,"minecraft:soul_sand":48,"minecraft:crafting_table":11,"minecraft:short_grass":35,"minecraft:sculk_sensor":443,"minecraft:lectern":1,"minecraft:tall_grass":4,"minecraft:deepslate_gold_ore":8,"minecraft:polished_blackstone_brick_stairs":4,"minecraft:sculk":11744,"minecraft:diorite":27,"minecraft:gray_wool":139,"minecraft:polished_blackstone_slab":10,"minecraft:spruce_log":8,"minecraft:coal_ore":73,"minecraft:cherry_leaves":29,"minecraft:gravel":27,"minecraft:dripstone_block":1,"minecraft:gray_carpet":2},"minecraft:picked_up":{"minecraft:smithing_table":1,"minecraft:lead":1,"minecraft:potion":2,"minecraft:enchanted_book":3,"minecraft:music_disc_cat":3,"minecraft:polished_blackstone_brick_stairs":4,"minecraft:soul_soil":2,"minecraft:iron_leggings":1,"minecraft:sticky_piston":5,"minecraft:experience_bottle":5,"minecraft:deepslate_tiles":1,"minecraft:diamond_leggings":1,"minecraft:cobbled_deepslate":550,"minecraft:bucket":2,"minecraft:enchanted_golden_apple":1,"minecraft:blue_wool":22,"minecraft:furnace":2,"minecraft:dark_oak_door":2,"minecraft:polished_blackstone_brick_slab":9,"minecraft:stick":40,"minecraft:torch":55,"minecraft:porkchop":22,"minecraft:target":1,"minecraft:cherry_log":443,"minecraft:diorite":26,"minecraft:pointed_dripstone":2,"minecraft:deepslate_tile_stairs":2,"minecraft:goat_horn":1,"minecraft:rotten_flesh":24,"minecraft:light_blue_wool":29,"minecraft:cobblestone":195,"minecraft:pink_petals":45,"minecraft:magma_block":12,"minecraft:feather":1,"minecraft:cooked_beef":6,"minecraft:cherry_planks":52,"minecraft:andesite":9,"minecraft:dark_oak_boat":2,"minecraft:flint":5,"minecraft:tuff":28,"minecraft:cherry_fence":6,"minecraft:cherry_door":1,"minecraft:dirt":454,"minecraft:disc_fragment_5":1,"minecraft:leather_boots":3,"minecraft:bone":37,"minecraft:wheat_seeds":42,"minecraft:raw_gold":8,"minecraft:cobbled_deepslate_slab":3,"minecraft:fletching_table":1,"minecraft:chiseled_polished_blackstone":1,"minecraft:cooked_porkchop":3,"minecraft:music_disc_13":1,"minecraft:polished_blackstone_slab":12,"minecraft:dark_oak_log":79,"minecraft:iron_hoe":1,"minecraft:diamond":28,"minecraft:cracked_polished_blackstone_bricks":2,"minecraft:granite":24,"minecraft:bread":21,"minecraft:cherry_slab":5,"minecraft:netherrack":350,"minecraft:diamond_pickaxe":1,"minecraft:crafting_table":12,"minecraft:azure_bluet":94,"minecraft:chicken":1,"minecraft:leather_leggings":1,"minecraft:wooden_pickaxe":1,"minecraft:gold_block":2,"minecraft:diamond_horse_armor":1,"minecraft:shield":4,"minecraft:beef":4,"minecraft:echo_shard":2,"minecraft:cyan_wool":45,"minecraft:poppy":45,"minecraft:lectern":1,"minecraft:chest":12,"minecraft:egg":1,"minecraft:raw_iron":65,"minecraft:cherry_stairs":41,"minecraft:polished_blackstone_bricks":8,"minecraft:carrot":1,"minecraft:redstone":14,"minecraft:dark_oak_planks":12,"minecraft:cherry_fence_gate":3,"minecraft:arrow":6,"minecraft:beetroot_seeds":3,"minecraft:deepslate_bricks":2,"minecraft:shears":1,"minecraft:diamond_boots":2,"minecraft:cracked_deepslate_bricks":1,"minecraft:saddle":3,"minecraft:mutton":13,"minecraft:white_wool":7,"minecraft:salmon":7,"minecraft:leather":4,"minecraft:oak_log":9,"minecraft:gunpowder":2,"minecraft:deepslate_tile_slab":53,"minecraft:cooked_mutton":4,"minecraft:apple":1,"minecraft:gray_carpet":2,"minecraft:glass_bottle":2,"minecraft:gray_bed":1,"minecraft:soul_sand":45,"minecraft:dark_oak_stairs":14,"minecraft:sculk":13,"minecraft:dandelion":1,"minecraft:dripstone_block":3,"minecraft:gravel":22,"minecraft:spruce_sapling":3,"minecraft:soul_torch":32,"minecraft:white_bed":7,"minecraft:spruce_log":8,"minecraft:sculk_sensor":2,"minecraft:stone_axe":1,"minecraft:chainmail_leggings":2,"minecraft:iron_helmet":1,"minecraft:cherry_sapling":70,"minecraft:gray_wool":137,"minecraft:melon_seeds":3,"minecraft:coal":146},"minecraft:crafted":{"minecraft:oak_planks":36,"minecraft:smooth_stone":3,"minecraft:dark_oak_boat":1,"minecraft:cherry_slab":6,"minecraft:stone":21,"minecraft:cooked_mutton":7,"minecraft:bow":1,"minecraft:iron_boots":10,"minecraft:chest":3,"minecraft:stone_hoe":4,"minecraft:cherry_fence":15,"minecraft:arrow":32,"minecraft:emerald":46,"minecraft:cauldron":2,"minecraft:cooked_porkchop":13,"minecraft:crafting_table":6,"minecraft:spruce_planks":32,"minecraft:smithing_table":1,"minecraft:copper_ingot":16,"minecraft:iron_chestplate":2,"minecraft:yellow_dye":1,"minecraft:shield":4,"minecraft:stick":1828,"minecraft:iron_ingot":53,"minecraft:iron_pickaxe":3,"minecraft:stone_sword":1,"minecraft:shears":1,"minecraft:cherry_planks":1608,"minecraft:cobbled_deepslate_slab":66,"minecraft:stone_shovel":1,"minecraft:leather_boots":2,"minecraft:spyglass":1,"minecraft:furnace":2,"minecraft:blast_furnace":1,"minecraft:iron_axe":1,"minecraft:iron_hoe":1,"minecraft:cherry_stairs":40,"minecraft:stone_pickaxe":12,"minecraft:dark_oak_planks":216,"minecraft:chainmail_leggings":12,"minecraft:cherry_fence_gate":3,"minecraft:dark_oak_stairs":12,"minecraft:iron_sword":1,"minecraft:cooked_salmon":12,"minecraft:bucket":1,"minecraft:stone_axe":9,"minecraft:air":0,"minecraft:wooden_axe":1,"minecraft:iron_shovel":1,"minecraft:cherry_door":9,"minecraft:stonecutter":1,"minecraft:white_bed":1,"minecraft:music_disc_5":1,"minecraft:torch":536},"minecraft:killed":{"minecraft:witch":1,"minecraft:skeleton":5,"minecraft:chicken":1,"minecraft:pig":9,"minecraft:salmon":8,"minecraft:creeper":4,"minecraft:sheep":6,"minecraft:zombie":24,"minecraft:cow":2,"minecraft:bat":3}},"DataVersion":3953}