{"stats":{"minecraft:crafted":{"minecraft:oak_planks":24,"minecraft:stone_shovel":1,"minecraft:cooked_porkchop":8,"minecraft:crafting_table":1,"minecraft:stick":12,"minecraft:wooden_pickaxe":1,"minecraft:stone_pickaxe":1,"minecraft:snow_block":30,"minecraft:furnace":1,"minecraft:stone_axe":1,"minecraft:cooked_rabbit":1,"minecraft:air":0},"minecraft:custom":{"minecraft:time_since_rest":16996,"minecraft:interact_with_furnace":4,"minecraft:sprint_one_cm":38311,"minecraft:damage_taken":30,"minecraft:walk_one_cm":42453,"minecraft:mob_kills":5,"minecraft:damage_dealt":430,"minecraft:swim_one_cm":2410,"minecraft:interact_with_crafting_table":4,"minecraft:fly_one_cm":48303,"minecraft:play_time":16996,"minecraft:crouch_one_cm":11231,"minecraft:sneak_time":4463,"minecraft:walk_under_water_one_cm":2106,"minecraft:jump":424,"minecraft:leave_game":1,"minecraft:time_since_death":16996,"minecraft:walk_on_water_one_cm":684,"minecraft:total_world_time":16996,"minecraft:fall_one_cm":10748},"minecraft:picked_up":{"minecraft:pink_petals":21,"minecraft:crafting_table":3,"minecraft:porkchop":8,"minecraft:oak_log":6,"minecraft:dirt":11,"minecraft:rabbit_hide":1,"minecraft:rabbit":1,"minecraft:coal":4,"minecraft:oak_planks":8,"minecraft:snowball":132,"minecraft:cobblestone":21,"minecraft:furnace":2},"minecraft:mined":{"minecraft:pink_petals":2,"minecraft:furnace":2,"minecraft:snow_block":39,"minecraft:snow":5,"minecraft:crafting_table":3,"minecraft:short_grass":2,"minecraft:grass_block":11,"minecraft:oak_log":6,"minecraft:coal_ore":4,"minecraft:dirt":2,"minecraft:stone":21,"minecraft:oak_planks":8,"minecraft:oak_leaves":1},"minecraft:killed":{"minecraft:pig":4,"minecraft:rabbit":1},"minecraft:used":{"minecraft:snow_block":30,"minecraft:oak_planks":15,"minecraft:stone_pickaxe":23,"minecraft:stone_shovel":59,"minecraft:wooden_pickaxe":8,"minecraft:stone_axe":18,"minecraft:dirt":11,"minecraft:cobblestone":4,"minecraft:crafting_table":3,"minecraft:furnace":2,"minecraft:cooked_rabbit":1}},"DataVersion":3953}