{"stats":{"minecraft:used":{"minecraft:wooden_axe":53,"minecraft:stone_sword":18,"minecraft:stone_pickaxe":52,"minecraft:wooden_pickaxe":9,"minecraft:cooked_salmon":3,"minecraft:stone_axe":27,"minecraft:torch":22,"minecraft:cobblestone":10,"minecraft:dark_oak_boat":1,"minecraft:crafting_table":5,"minecraft:furnace":1,"minecraft:white_bed":2},"minecraft:picked_up":{"minecraft:raw_iron":7,"minecraft:crafting_table":5,"minecraft:feather":1,"minecraft:chicken":1,"minecraft:salmon":7,"minecraft:leather":4,"minecraft:wooden_pickaxe":1,"minecraft:porkchop":19,"minecraft:oak_log":9,"minecraft:white_bed":2,"minecraft:dirt":5,"minecraft:dark_oak_log":49,"minecraft:apple":1,"minecraft:beef":4,"minecraft:mutton":8,"minecraft:coal":19,"minecraft:white_wool":4,"minecraft:cobblestone":31},"minecraft:dropped":{"minecraft:white_wool":1},"minecraft:killed":{"minecraft:sheep":4,"minecraft:pig":8,"minecraft:chicken":1,"minecraft:salmon":8,"minecraft:cow":2},"minecraft:custom":{"minecraft:time_since_rest":2682,"minecraft:interact_with_furnace":8,"minecraft:sprint_one_cm":51659,"minecraft:damage_taken":80,"minecraft:walk_one_cm":109501,"minecraft:mob_kills":23,"minecraft:drop":1,"minecraft:damage_dealt":1600,"minecraft:swim_one_cm":6043,"minecraft:interact_with_crafting_table":8,"minecraft:fly_one_cm":58049,"minecraft:crouch_one_cm":8062,"minecraft:play_time":29809,"minecraft:sneak_time":3002,"minecraft:walk_under_water_one_cm":9145,"minecraft:boat_one_cm":22940,"minecraft:jump":647,"minecraft:time_since_death":29809,"minecraft:walk_on_water_one_cm":3210,"minecraft:sleep_in_bed":2,"minecraft:total_world_time":29809,"minecraft:fall_one_cm":17028,"minecraft:horse_one_cm":6999},"minecraft:mined":{"minecraft:white_bed":1,"minecraft:dark_oak_leaves":2,"minecraft:iron_ore":12,"minecraft:dark_oak_log":48,"minecraft:crafting_table":5,"minecraft:short_grass":1,"minecraft:oak_log":9,"minecraft:grass_block":5,"minecraft:coal_ore":19,"minecraft:stone":29,"minecraft:oak_leaves":10},"minecraft:crafted":{"minecraft:cooked_porkchop":10,"minecraft:dark_oak_boat":1,"minecraft:crafting_table":1,"minecraft:stick":16,"minecraft:stone_pickaxe":1,"minecraft:wooden_axe":1,"minecraft:stone_sword":1,"minecraft:furnace":1,"minecraft:white_bed":1,"minecraft:cooked_salmon":12,"minecraft:dark_oak_planks":36,"minecraft:torch":28,"minecraft:stone_axe":1,"minecraft:air":0},"minecraft:broken":{"minecraft:wooden_axe":1}},"DataVersion":3953}