{"stats":{"minecraft:used":{"minecraft:cherry_sapling":10,"minecraft:stone_sword":44,"minecraft:diamond_hoe":730,"minecraft:chest":3,"minecraft:shield":13,"minecraft:cooked_salmon":11,"minecraft:stone_hoe":336,"minecraft:torch":150,"minecraft:dirt":15,"minecraft:wooden_axe":53,"minecraft:dark_oak_planks":65,"minecraft:dark_oak_boat":1,"minecraft:furnace":3,"minecraft:goat_horn":1,"minecraft:cooked_beef":6,"minecraft:cobbled_deepslate":13,"minecraft:dark_oak_stairs":24,"minecraft:water_bucket":42,"minecraft:gray_carpet":1,"minecraft:stone_pickaxe":91,"minecraft:oak_planks":10,"minecraft:blue_wool":9,"minecraft:wooden_pickaxe":9,"minecraft:cherry_planks":244,"minecraft:crafting_table":10,"minecraft:light_blue_wool":7,"minecraft:white_bed":8,"minecraft:shears":73,"minecraft:dark_oak_door":2,"minecraft:dark_oak_log":44,"minecraft:iron_pickaxe":250,"minecraft:stone_axe":177,"minecraft:cobblestone":21,"minecraft:cooked_porkchop":10,"minecraft:bucket":43,"minecraft:gray_wool":71,"minecraft:experience_bottle":2},"minecraft:picked_up":{"minecraft:crafting_table":8,"minecraft:azure_bluet":39,"minecraft:chicken":1,"minecraft:wooden_pickaxe":1,"minecraft:potion":1,"minecraft:cobbled_deepslate":116,"minecraft:beef":4,"minecraft:chest":1,"minecraft:dark_oak_door":2,"minecraft:furnace":2,"minecraft:blue_wool":9,"minecraft:raw_iron":27,"minecraft:stick":4,"minecraft:torch":4,"minecraft:porkchop":22,"minecraft:cherry_log":56,"minecraft:pointed_dripstone":1,"minecraft:diorite":17,"minecraft:redstone":5,"minecraft:goat_horn":1,"minecraft:dark_oak_planks":8,"minecraft:rotten_flesh":7,"minecraft:light_blue_wool":7,"minecraft:shears":1,"minecraft:mutton":11,"minecraft:white_wool":6,"minecraft:cobblestone":128,"minecraft:pink_petals":13,"minecraft:feather":1,"minecraft:cooked_beef":6,"minecraft:cherry_planks":20,"minecraft:salmon":7,"minecraft:andesite":4,"minecraft:leather":4,"minecraft:tuff":12,"minecraft:oak_log":9,"minecraft:dirt":15,"minecraft:cooked_mutton":4,"minecraft:leather_boots":1,"minecraft:apple":1,"minecraft:gray_carpet":1,"minecraft:wheat_seeds":17,"minecraft:glass_bottle":2,"minecraft:dark_oak_stairs":14,"minecraft:dandelion":1,"minecraft:dripstone_block":3,"minecraft:white_bed":7,"minecraft:dark_oak_log":79,"minecraft:diamond":1,"minecraft:iron_helmet":1,"minecraft:cherry_sapling":14,"minecraft:gray_wool":87,"minecraft:coal":72},"minecraft:dropped":{"minecraft:stone_hoe":2,"minecraft:iron_ingot":1,"minecraft:wheat_seeds":3,"minecraft:pink_petals":1,"minecraft:white_wool":1,"minecraft:azure_bluet":10},"minecraft:killed":{"minecraft:witch":1,"minecraft:skeleton":1,"minecraft:chicken":1,"minecraft:pig":9,"minecraft:salmon":8,"minecraft:bat":1,"minecraft:sheep":6,"minecraft:zombie":4,"minecraft:cow":2},"minecraft:custom":{"minecraft:mob_kills":33,"minecraft:interact_with_crafting_table":24,"minecraft:leave_game":3,"minecraft:time_since_death":287116,"minecraft:climb_one_cm":3438,"minecraft:sprint_one_cm":254528,"minecraft:walk_one_cm":753621,"minecraft:damage_blocked_by_shield":450,"minecraft:drop":8,"minecraft:play_time":287116,"minecraft:sneak_time":105442,"minecraft:walk_under_water_one_cm":23095,"minecraft:boat_one_cm":22940,"minecraft:jump":4384,"minecraft:walk_on_water_one_cm":47026,"minecraft:total_world_time":287116,"minecraft:interact_with_furnace":44,"minecraft:sleep_in_bed":10,"minecraft:time_since_rest":137679,"minecraft:damage_taken":1536,"minecraft:damage_dealt":2913,"minecraft:swim_one_cm":12757,"minecraft:fly_one_cm":406968,"minecraft:open_chest":35,"minecraft:crouch_one_cm":427182,"minecraft:fall_one_cm":141931,"minecraft:horse_one_cm":6999},"minecraft:mined":{"minecraft:dark_oak_planks":9,"minecraft:tuff":12,"minecraft:white_bed":6,"minecraft:light_blue_wool":7,"minecraft:dark_oak_leaves":2,"minecraft:deepslate_diamond_ore":1,"minecraft:cherry_log":56,"minecraft:sculk_vein":43,"minecraft:dark_oak_log":79,"minecraft:grass_block":15,"minecraft:blue_wool":9,"minecraft:iron_ore":27,"minecraft:andesite":4,"minecraft:dark_oak_stairs":13,"minecraft:azure_bluet":1,"minecraft:sculk_shrieker":17,"minecraft:pointed_dripstone":2,"minecraft:packed_ice":3,"minecraft:stone":100,"minecraft:cherry_planks":21,"minecraft:powder_snow":1,"minecraft:crafting_table":7,"minecraft:short_grass":21,"minecraft:chest":1,"minecraft:sculk_sensor":173,"minecraft:tall_grass":4,"minecraft:cobblestone":2,"minecraft:sculk":880,"minecraft:diorite":18,"minecraft:pink_petals":5,"minecraft:gray_wool":89,"minecraft:coal_ore":68,"minecraft:oak_log":9,"minecraft:cherry_leaves":6,"minecraft:dripstone_block":1,"minecraft:gray_carpet":1,"minecraft:oak_leaves":10,"minecraft:deepslate":104},"minecraft:crafted":{"minecraft:cherry_planks":224,"minecraft:oak_planks":36,"minecraft:leather_boots":2,"minecraft:dark_oak_boat":1,"minecraft:furnace":1,"minecraft:cooked_mutton":5,"minecraft:stone_pickaxe":1,"minecraft:chest":3,"minecraft:dark_oak_planks":140,"minecraft:stone_hoe":4,"minecraft:cooked_porkchop":10,"minecraft:dark_oak_stairs":12,"minecraft:crafting_table":2,"minecraft:cooked_salmon":12,"minecraft:bucket":1,"minecraft:stone_axe":2,"minecraft:air":0,"minecraft:iron_chestplate":2,"minecraft:yellow_dye":1,"minecraft:shield":1,"minecraft:stick":60,"minecraft:iron_ingot":20,"minecraft:iron_pickaxe":1,"minecraft:wooden_axe":1,"minecraft:stone_sword":1,"minecraft:white_bed":1,"minecraft:torch":180},"minecraft:broken":{"minecraft:stone_hoe":2,"minecraft:stone_axe":1,"minecraft:iron_pickaxe":1,"minecraft:wooden_axe":1}},"DataVersion":3953}