{"stats":{"minecraft:broken":{"minecraft:iron_shovel":1,"minecraft:stone_pickaxe":1,"minecraft:stone_axe":4,"minecraft:wooden_axe":1,"minecraft:stone_shovel":1,"minecraft:stone_hoe":2,"minecraft:iron_pickaxe":4},"minecraft:dropped":{"minecraft:clay":1,"minecraft:soul_sand":5,"minecraft:birch_planks":5,"minecraft:mud_brick_slab":5,"minecraft:diamond":11,"minecraft:cooked_porkchop":1,"minecraft:silence_armor_trim_smithing_template":5,"minecraft:music_disc_13":1,"minecraft:deepslate_tile_stairs":2,"minecraft:dirt":23,"minecraft:amethyst_shard":8,"minecraft:iron_pickaxe":1,"minecraft:cherry_door":6,"minecraft:white_wool":1,"minecraft:bone":3,"minecraft:gravel":62,"minecraft:stone_axe":1,"minecraft:cobbled_deepslate":163,"minecraft:birch_sapling":1,"minecraft:pointed_dripstone":1,"minecraft:rotten_flesh":7,"minecraft:azure_bluet":10,"minecraft:waxed_copper_block":2,"minecraft:carrot":1,"minecraft:echo_shard":6,"minecraft:poppy":10,"minecraft:deepslate_tiles":1,"minecraft:melon_seeds":6,"minecraft:beetroot_seeds":6,"minecraft:leather_boots":2,"minecraft:leather_leggings":1,"minecraft:stone_hoe":2,"minecraft:enchanted_book":3,"minecraft:golden_boots":1,"minecraft:iron_ingot":19,"minecraft:bread":21,"minecraft:wheat_seeds":7,"minecraft:cherry_log":2,"minecraft:cobblestone":27,"minecraft:golden_apple":2,"minecraft:stick":15,"minecraft:gray_wool":6,"minecraft:sculk":13,"minecraft:diorite":16,"minecraft:cherry_planks":32,"minecraft:potion":1,"minecraft:chainmail_leggings":1,"minecraft:string":1,"minecraft:pink_petals":6,"minecraft:bucket":3,"minecraft:music_disc_cat":3,"minecraft:gray_carpet":1,"minecraft:spruce_sapling":14,"minecraft:tuff_bricks":2,"minecraft:soul_torch":30,"minecraft:coarse_dirt":10,"minecraft:nether_wart":1,"minecraft:stone_sword":1,"minecraft:tuff":20,"minecraft:raw_iron":2,"minecraft:sculk_sensor":2,"minecraft:iron_hoe":2,"minecraft:red_terracotta":2,"minecraft:deepslate_bricks":2,"minecraft:filled_map":1,"minecraft:stone":9,"minecraft:gray_terracotta":2,"minecraft:diamond_pickaxe":1,"minecraft:andesite":5,"minecraft:diamond_boots":1,"minecraft:stone_pickaxe":4,"minecraft:bow":2,"minecraft:cracked_deepslate_bricks":1},"minecraft:custom":{"minecraft:interact_with_crafting_table":102,"minecraft:leave_game":24,"minecraft:time_since_death":1150166,"minecraft:sprint_one_cm":1599957,"minecraft:damage_blocked_by_shield":3477,"minecraft:drop":141,"minecraft:talked_to_villager":72,"minecraft:play_time":1150166,"minecraft:jump":16426,"minecraft:interact_with_brewingstand":10,"minecraft:walk_on_water_one_cm":95332,"minecraft:enchant_item":23,"minecraft:interact_with_furnace":111,"minecraft:traded_with_villager":140,"minecraft:sleep_in_bed":38,"minecraft:open_enderchest":3,"minecraft:damage_dealt":9346,"minecraft:crouch_one_cm":879975,"minecraft:interact_with_smithing_table":9,"minecraft:use_cauldron":11,"minecraft:horse_one_cm":155321,"minecraft:interact_with_anvil":2,"minecraft:mob_kills":115,"minecraft:fill_cauldron":6,"minecraft:climb_one_cm":6500,"minecraft:walk_one_cm":3966653,"minecraft:sneak_time":231395,"minecraft:walk_under_water_one_cm":62521,"minecraft:boat_one_cm":193614,"minecraft:total_world_time":1150166,"minecraft:interact_with_stonecutter":10,"minecraft:interact_with_grindstone":11,"minecraft:time_since_rest":12703,"minecraft:damage_taken":3677,"minecraft:swim_one_cm":64454,"minecraft:fly_one_cm":1986611,"minecraft:open_chest":533,"minecraft:fall_one_cm":424978},"minecraft:used":{"minecraft:cherry_sapling":84,"minecraft:iron_shovel":250,"minecraft:polished_deepslate":672,"minecraft:diamond_hoe":13049,"minecraft:shield":55,"minecraft:chest":18,"minecraft:stone":7,"minecraft:iron_sword":58,"minecraft:soul_sand":1,"minecraft:nether_bricks":10,"minecraft:carrot":194,"minecraft:deepslate_tile_slab":126,"minecraft:cyan_wool":45,"minecraft:obsidian":10,"minecraft:spruce_boat":3,"minecraft:cyan_terracotta":6,"minecraft:lava_bucket":18,"minecraft:golden_sword":28,"minecraft:bow":134,"minecraft:dark_oak_boat":2,"minecraft:furnace":3,"minecraft:gray_bed":1,"minecraft:gold_block":1,"minecraft:potato":130,"minecraft:diorite":4,"minecraft:dark_oak_stairs":24,"minecraft:stone_pickaxe":370,"minecraft:gray_carpet":1,"minecraft:oak_planks":10,"minecraft:wooden_pickaxe":9,"minecraft:sugar_cane":115,"minecraft:diamond_axe":56,"minecraft:white_wool":2,"minecraft:glow_berries":7,"minecraft:blast_furnace":1,"minecraft:light_blue_wool":29,"minecraft:shears":205,"minecraft:deepslate_tiles":70,"minecraft:dark_oak_log":44,"minecraft:bread":1,"minecraft:deepslate":64,"minecraft:gravel":5,"minecraft:diamond_sword":21,"minecraft:grindstone":6,"minecraft:smithing_table":2,"minecraft:air":1,"minecraft:bone_meal":80,"minecraft:experience_bottle":7,"minecraft:enchanting_table":1,"minecraft:stone_sword":68,"minecraft:flint_and_steel":13,"minecraft:stone_shovel":131,"minecraft:spruce_planks":10,"minecraft:ender_chest":2,"minecraft:sculk":6,"minecraft:cooked_salmon":12,"minecraft:stone_hoe":336,"minecraft:netherrack":794,"minecraft:torch":736,"minecraft:spyglass":125,"minecraft:dirt":297,"minecraft:anvil":1,"minecraft:target":1,"minecraft:dark_oak_planks":119,"minecraft:wooden_axe":53,"minecraft:bookshelf":18,"minecraft:iron_axe":201,"minecraft:cherry_slab":11,"minecraft:red_candle":1,"minecraft:cherry_fence_gate":3,"minecraft:golden_carrot":1,"minecraft:goat_horn":1,"minecraft:cherry_fence":21,"minecraft:cherry_log":3,"minecraft:orange_terracotta":13,"minecraft:cooked_beef":6,"minecraft:cobbled_deepslate":307,"minecraft:powder_snow_bucket":8,"minecraft:pointed_dripstone":3,"minecraft:wheat_seeds":1,"minecraft:cooked_mutton":15,"minecraft:water_bucket":148,"minecraft:glass_bottle":10,"minecraft:baked_potato":38,"minecraft:blue_wool":21,"minecraft:cherry_planks":653,"minecraft:cauldron":6,"minecraft:fletching_table":1,"minecraft:stonecutter":2,"minecraft:crafting_table":23,"minecraft:white_bed":14,"minecraft:dark_oak_door":2,"minecraft:diamond_pickaxe":2514,"minecraft:cherry_door":2,"minecraft:iron_pickaxe":1050,"minecraft:stone_axe":718,"minecraft:cherry_stairs":85,"minecraft:cobblestone":118,"minecraft:potion":1,"minecraft:cobbled_deepslate_slab":21,"minecraft:cooked_porkchop":35,"minecraft:bucket":175,"minecraft:brush":155,"minecraft:gray_wool":83,"minecraft:soul_torch":2},"minecraft:picked_up":{"minecraft:wheat":1,"minecraft:ender_chest":2,"minecraft:smithing_table":1,"minecraft:lead":1,"minecraft:potion":3,"minecraft:enchanted_book":3,"minecraft:polished_deepslate":17,"minecraft:music_disc_cat":3,"minecraft:polished_blackstone_brick_stairs":4,"minecraft:string":1,"minecraft:wayfinder_armor_trim_smithing_template":1,"minecraft:soul_soil":12,"minecraft:iron_leggings":1,"minecraft:sticky_piston":5,"minecraft:red_candle":1,"minecraft:experience_bottle":5,"minecraft:deepslate_tiles":1,"minecraft:diamond_leggings":1,"minecraft:cobbled_deepslate":789,"minecraft:bucket":2,"minecraft:spruce_planks":23,"minecraft:enchanted_golden_apple":1,"minecraft:dark_oak_door":2,"minecraft:furnace":2,"minecraft:blue_wool":22,"minecraft:polished_blackstone_brick_slab":9,"minecraft:stick":68,"minecraft:sheaf_pottery_sherd":1,"minecraft:torch":74,"minecraft:porkchop":22,"minecraft:target":1,"minecraft:cherry_log":650,"minecraft:pointed_dripstone":2,"minecraft:diorite":28,"minecraft:deepslate_tile_stairs":2,"minecraft:goat_horn":1,"minecraft:rotten_flesh":29,"minecraft:light_blue_wool":29,"minecraft:cyan_terracotta":22,"minecraft:white_terracotta":12,"minecraft:blaze_rod":4,"minecraft:obsidian":15,"minecraft:cobblestone":273,"minecraft:enchanting_table":1,"minecraft:pink_petals":45,"minecraft:magma_block":14,"minecraft:magma_cream":1,"minecraft:feather":1,"minecraft:cooked_beef":6,"minecraft:raiser_armor_trim_smithing_template":2,"minecraft:cherry_planks":62,"minecraft:andesite":10,"minecraft:dark_oak_boat":2,"minecraft:potato":625,"minecraft:flint":18,"minecraft:tuff":48,"minecraft:cherry_fence":6,"minecraft:cherry_door":1,"minecraft:dirt":600,"minecraft:disc_fragment_5":1,"minecraft:leather_boots":3,"minecraft:bone":53,"minecraft:stonecutter":1,"minecraft:bow":1,"minecraft:gray_terracotta":2,"minecraft:wheat_seeds":62,"minecraft:raw_gold":8,"minecraft:cobbled_deepslate_slab":7,"minecraft:rabbit":1,"minecraft:fletching_table":1,"minecraft:chiseled_polished_blackstone":1,"minecraft:cooked_porkchop":13,"minecraft:music_disc_13":1,"minecraft:poisonous_potato":4,"minecraft:polished_blackstone_slab":12,"minecraft:grass_block":1,"minecraft:dark_oak_log":79,"minecraft:red_terracotta":2,"minecraft:iron_hoe":1,"minecraft:clay":1,"minecraft:deepslate":71,"minecraft:diamond":35,"minecraft:spruce_boat":3,"minecraft:cracked_polished_blackstone_bricks":2,"minecraft:granite":24,"minecraft:golden_apple":1,"minecraft:bread":21,"minecraft:cherry_slab":5,"minecraft:netherrack":1679,"minecraft:diamond_pickaxe":1,"minecraft:crafting_table":12,"minecraft:mud_brick_slab":5,"minecraft:coarse_dirt":13,"minecraft:azure_bluet":94,"minecraft:chicken":1,"minecraft:nether_wart":1,"minecraft:leather_leggings":1,"minecraft:wooden_pickaxe":1,"minecraft:gold_block":2,"minecraft:diamond_horse_armor":1,"minecraft:shield":4,"minecraft:beef":4,"minecraft:echo_shard":2,"minecraft:cyan_wool":45,"minecraft:poppy":59,"minecraft:lectern":2,"minecraft:sugar_cane":115,"minecraft:chest":12,"minecraft:birch_sapling":1,"minecraft:waxed_oxidized_copper":3,"minecraft:egg":1,"minecraft:raw_iron":69,"minecraft:stone":16,"minecraft:cherry_stairs":41,"minecraft:polished_blackstone_bricks":8,"minecraft:carrot":297,"minecraft:redstone":14,"minecraft:dark_oak_planks":13,"minecraft:cherry_fence_gate":3,"minecraft:howl_pottery_sherd":1,"minecraft:arrow":18,"minecraft:beetroot_seeds":3,"minecraft:nether_bricks":10,"minecraft:deepslate_bricks":2,"minecraft:shears":1,"minecraft:diamond_boots":2,"minecraft:tuff_bricks":69,"minecraft:cracked_deepslate_bricks":1,"minecraft:saddle":3,"minecraft:mutton":13,"minecraft:bone_block":15,"minecraft:white_wool":10,"minecraft:golden_carrot":37,"minecraft:salmon":7,"minecraft:leather":4,"minecraft:filled_map":1,"minecraft:oak_log":9,"minecraft:waxed_copper_block":2,"minecraft:gunpowder":5,"minecraft:deepslate_tile_slab":67,"minecraft:orange_terracotta":13,"minecraft:cooked_mutton":8,"minecraft:apple":1,"minecraft:gray_carpet":2,"minecraft:rabbit_hide":1,"minecraft:stone_pickaxe":1,"minecraft:iron_ore":1,"minecraft:glass_bottle":2,"minecraft:gray_bed":1,"minecraft:soul_sand":61,"minecraft:dark_oak_stairs":14,"minecraft:book":21,"minecraft:smooth_basalt":2,"minecraft:warped_fungus":9,"minecraft:sculk":13,"minecraft:quartz":4,"minecraft:dandelion":1,"minecraft:dripstone_block":3,"minecraft:gravel":141,"minecraft:soul_torch":32,"minecraft:spruce_sapling":17,"minecraft:white_bed":13,"minecraft:spruce_log":8,"minecraft:polished_tuff":1,"minecraft:sculk_sensor":2,"minecraft:stone_axe":1,"minecraft:chainmail_leggings":2,"minecraft:iron_helmet":2,"minecraft:cherry_sapling":103,"minecraft:gray_wool":137,"minecraft:melon_seeds":3,"minecraft:chiseled_tuff_bricks":9,"minecraft:coal":146,"minecraft:ender_pearl":1},"minecraft:crafted":{"minecraft:ender_chest":1,"minecraft:grindstone":6,"minecraft:oak_planks":36,"minecraft:smooth_stone":3,"minecraft:dark_oak_boat":1,"minecraft:cherry_slab":6,"minecraft:blaze_powder":4,"minecraft:stone":37,"minecraft:bookshelf":18,"minecraft:cooked_mutton":7,"minecraft:glass":23,"minecraft:diamond_helmet":2,"minecraft:bow":2,"minecraft:diamond_leggings":1,"minecraft:iron_boots":10,"minecraft:chest":6,"minecraft:stone_hoe":4,"minecraft:ender_eye":1,"minecraft:cherry_fence":15,"minecraft:golden_boots":2,"minecraft:glass_bottle":9,"minecraft:emerald":104,"minecraft:arrow":160,"minecraft:cauldron":6,"minecraft:cooked_porkchop":13,"minecraft:diamond_axe":1,"minecraft:crafting_table":11,"minecraft:spruce_planks":32,"minecraft:baked_potato":46,"minecraft:silence_armor_trim_smithing_template":16,"minecraft:brush":1,"minecraft:smithing_table":1,"minecraft:copper_ingot":16,"minecraft:birch_planks":20,"minecraft:iron_chestplate":2,"minecraft:diamond_pickaxe":2,"minecraft:yellow_dye":1,"minecraft:shield":6,"minecraft:stick":3516,"minecraft:stone_slab":6,"minecraft:iron_ingot":98,"minecraft:iron_pickaxe":4,"minecraft:iron_block":3,"minecraft:stone_sword":1,"minecraft:gold_ingot":43,"minecraft:shears":1,"minecraft:cherry_planks":2580,"minecraft:cobbled_deepslate_slab":66,"minecraft:stone_shovel":1,"minecraft:leather_boots":2,"minecraft:spyglass":1,"minecraft:furnace":2,"minecraft:blast_furnace":1,"minecraft:bone_meal":123,"minecraft:iron_axe":1,"minecraft:iron_hoe":1,"minecraft:cherry_stairs":44,"minecraft:stone_pickaxe":12,"minecraft:diamond_boots":1,"minecraft:spruce_boat":1,"minecraft:dark_oak_planks":216,"minecraft:chainmail_leggings":12,"minecraft:cherry_fence_gate":3,"minecraft:diamond_sword":1,"minecraft:dark_oak_stairs":12,"minecraft:iron_sword":1,"minecraft:cooked_salmon":12,"minecraft:golden_shovel":1,"minecraft:bucket":1,"minecraft:deepslate_tiles":6,"minecraft:stone_axe":9,"minecraft:air":0,"minecraft:wooden_axe":1,"minecraft:iron_shovel":1,"minecraft:cherry_door":9,"minecraft:stonecutter":1,"minecraft:anvil":1,"minecraft:white_bed":1,"minecraft:music_disc_5":1,"minecraft:torch":608,"minecraft:diamond_chestplate":2},"minecraft:killed":{"minecraft:witch":1,"minecraft:skeleton":16,"minecraft:chicken":1,"minecraft:skeleton_horse":2,"minecraft:magma_cube":7,"minecraft:pig":12,"minecraft:salmon":8,"minecraft:creeper":8,"minecraft:sheep":8,"minecraft:zombie":30,"minecraft:ghast":4,"minecraft:blaze":6,"minecraft:cow":2,"minecraft:bat":3,"minecraft:enderman":1},"minecraft:mined":{"minecraft:dark_oak_planks":13,"minecraft:white_bed":12,"minecraft:cherry_log":656,"minecraft:sculk_vein":746,"minecraft:obsidian":15,"minecraft:granite":24,"minecraft:chiseled_polished_blackstone":1,"minecraft:grass_block":213,"minecraft:cracked_polished_blackstone_bricks":2,"minecraft:soul_soil":4,"minecraft:polished_blackstone_brick_slab":9,"minecraft:chiseled_tuff_bricks":7,"minecraft:blue_wool":21,"minecraft:tuff_bricks":70,"minecraft:spawner":2,"minecraft:polished_blackstone_bricks":8,"minecraft:magma_block":16,"minecraft:sculk_catalyst":23,"minecraft:iron_ore":45,"minecraft:cobbled_deepslate":52,"minecraft:sticky_piston":5,"minecraft:fire":31,"minecraft:polished_tuff":1,"minecraft:target":1,"minecraft:fletching_table":1,"minecraft:azure_bluet":1,"minecraft:enchanting_table":1,"minecraft:dark_oak_stairs":13,"minecraft:sculk_shrieker":33,"minecraft:pointed_dripstone":2,"minecraft:deepslate_redstone_ore":2,"minecraft:gray_terracotta":2,"minecraft:cyan_terracotta":22,"minecraft:soul_fire":12,"minecraft:deepslate_tile_slab":73,"minecraft:orange_terracotta":13,"minecraft:powder_snow":1,"minecraft:torch":12,"minecraft:poppy":18,"minecraft:chest":7,"minecraft:nether_quartz_ore":3,"minecraft:cobblestone":69,"minecraft:sugar_cane":36,"minecraft:wall_torch":16,"minecraft:cherry_slab":5,"minecraft:pink_petals":12,"minecraft:white_terracotta":12,"minecraft:cyan_wool":48,"minecraft:cherry_fence":6,"minecraft:wheat":11,"minecraft:waxed_copper_block":2,"minecraft:cherry_door":1,"minecraft:warped_fungus":9,"minecraft:oak_log":9,"minecraft:waxed_oxidized_copper":5,"minecraft:dirt":409,"minecraft:smooth_basalt":2,"minecraft:stonecutter":1,"minecraft:netherrack":2140,"minecraft:oak_leaves":12,"minecraft:deepslate":806,"minecraft:nether_gold_ore":4,"minecraft:tuff":54,"minecraft:light_blue_wool":29,"minecraft:dark_oak_leaves":3,"minecraft:deepslate_diamond_ore":22,"minecraft:cherry_sapling":1,"minecraft:dark_oak_log":79,"minecraft:nether_bricks":9,"minecraft:cobbled_deepslate_slab":7,"minecraft:spruce_leaves":239,"minecraft:large_fern":4,"minecraft:carrots":79,"minecraft:andesite":10,"minecraft:gold_block":2,"minecraft:polished_deepslate":19,"minecraft:bookshelf":7,"minecraft:potatoes":127,"minecraft:deepslate_iron_ore":19,"minecraft:packed_ice":4,"minecraft:stone":198,"minecraft:cherry_fence_gate":3,"minecraft:cherry_stairs":41,"minecraft:white_wool":1,"minecraft:ender_chest":2,"minecraft:smithing_table":1,"minecraft:mud_brick_slab":5,"minecraft:glass_pane":1,"minecraft:cherry_planks":63,"minecraft:soul_sand":52,"minecraft:crafting_table":11,"minecraft:short_grass":108,"minecraft:sculk_sensor":443,"minecraft:lectern":2,"minecraft:tall_grass":7,"minecraft:deepslate_gold_ore":8,"minecraft:polished_blackstone_brick_stairs":4,"minecraft:sculk":11744,"minecraft:diorite":29,"minecraft:gray_wool":139,"minecraft:red_terracotta":2,"minecraft:coarse_dirt":10,"minecraft:polished_blackstone_slab":10,"minecraft:spruce_log":8,"minecraft:birch_leaves":2,"minecraft:coal_ore":73,"minecraft:cherry_leaves":51,"minecraft:gravel":160,"minecraft:dripstone_block":1,"minecraft:gray_carpet":2,"minecraft:fern":1}},"DataVersion":3953}