{"stats":{"minecraft:used":{"minecraft:crafting_table":1,"minecraft:stone_pickaxe":7,"minecraft:wooden_pickaxe":3},"minecraft:mined":{"minecraft:coal_ore":7,"minecraft:oak_log":10,"minecraft:stone":3,"minecraft:oak_leaves":1},"minecraft:custom":{"minecraft:time_since_rest":24663,"minecraft:crouch_one_cm":99,"minecraft:play_time":24663,"minecraft:sprint_one_cm":3652,"minecraft:damage_taken":20,"minecraft:walk_one_cm":19723,"minecraft:sneak_time":18,"minecraft:jump":143,"minecraft:time_since_death":24663,"minecraft:walk_on_water_one_cm":287,"minecraft:total_world_time":24663,"minecraft:interact_with_crafting_table":2,"minecraft:fall_one_cm":4516,"minecraft:fly_one_cm":7792},"minecraft:picked_up":{"minecraft:oak_log":10,"minecraft:coal":7,"minecraft:cobblestone":3},"minecraft:crafted":{"minecraft:oak_planks":40,"minecraft:crafting_table":1,"minecraft:stick":8,"minecraft:wooden_pickaxe":1,"minecraft:stone_pickaxe":1}},"DataVersion":3953}