{"stats":{"minecraft:dropped":{"minecraft:cooked_beef":19,"minecraft:diamond":10,"minecraft:glass_bottle":1,"minecraft:crafting_table":1,"minecraft:dark_oak_sapling":1,"minecraft:cooked_porkchop":3,"minecraft:dirt":19,"minecraft:dark_oak_log":19,"minecraft:bone_block":15,"minecraft:dark_oak_planks":6,"minecraft:dark_oak_boat":1,"minecraft:bone":4,"minecraft:gravel":2,"minecraft:stone_axe":3,"minecraft:goat_horn":2,"minecraft:cobbled_deepslate":56,"minecraft:pointed_dripstone":5,"minecraft:rotten_flesh":16,"minecraft:cooked_mutton":12,"minecraft:ward_armor_trim_smithing_template":1,"minecraft:rabbit_hide":1,"minecraft:leather_boots":3,"minecraft:chest":5,"minecraft:leather_leggings":1,"minecraft:arrow":7,"minecraft:stone_hoe":2,"minecraft:iron_ingot":4,"minecraft:bread":21,"minecraft:wheat_seeds":1,"minecraft:mossy_cobblestone":6,"minecraft:dripstone_block":7,"minecraft:diamond_leggings":1,"minecraft:cobblestone":26,"minecraft:iron_helmet":1,"minecraft:granite":22,"minecraft:coal":47,"minecraft:diorite":5,"minecraft:sculk_catalyst":1,"minecraft:gray_bed":2,"minecraft:wooden_axe":1,"minecraft:chainmail_leggings":1,"minecraft:string":2,"minecraft:pink_petals":24,"minecraft:blue_carpet":6,"minecraft:bucket":3,"minecraft:gray_carpet":2,"minecraft:furnace":2,"minecraft:moss_carpet":7,"minecraft:soul_soil":6,"minecraft:blaze_rod":2,"minecraft:tuff":19,"minecraft:nether_bricks":6,"minecraft:shears":1,"minecraft:deepslate_bricks":1,"minecraft:cyan_wool":3,"minecraft:shield":15,"minecraft:spruce_planks":1,"minecraft:diamond_pickaxe":1,"minecraft:andesite":8,"minecraft:diamond_boots":1,"minecraft:bow":1,"minecraft:wooden_pickaxe":1,"minecraft:cracked_deepslate_bricks":3,"minecraft:magma_block":6},"minecraft:custom":{"minecraft:interact_with_crafting_table":68,"minecraft:leave_game":17,"minecraft:time_since_death":978353,"minecraft:sprint_one_cm":2671402,"minecraft:damage_blocked_by_shield":3975,"minecraft:drop":124,"minecraft:talked_to_villager":82,"minecraft:play_time":978353,"minecraft:jump":18786,"minecraft:walk_on_water_one_cm":131343,"minecraft:enchant_item":6,"minecraft:interact_with_furnace":154,"minecraft:traded_with_villager":163,"minecraft:sleep_in_bed":31,"minecraft:damage_dealt":21848,"minecraft:crouch_one_cm":528531,"minecraft:use_cauldron":3,"minecraft:horse_one_cm":607450,"minecraft:interact_with_smithing_table":3,"minecraft:mob_kills":158,"minecraft:fill_cauldron":1,"minecraft:climb_one_cm":13694,"minecraft:walk_one_cm":2243104,"minecraft:sneak_time":138756,"minecraft:walk_under_water_one_cm":60051,"minecraft:boat_one_cm":78382,"minecraft:total_world_time":978353,"minecraft:time_since_rest":8451,"minecraft:damage_taken":6930,"minecraft:damage_absorbed":177,"minecraft:swim_one_cm":90814,"minecraft:fly_one_cm":3066862,"minecraft:open_chest":473,"minecraft:fall_one_cm":499273},"minecraft:crafted":{"minecraft:oak_planks":80,"minecraft:smooth_stone":15,"minecraft:dark_oak_boat":2,"minecraft:birch_boat":1,"minecraft:cooked_chicken":5,"minecraft:cooked_mutton":25,"minecraft:dark_oak_door":9,"minecraft:diamond_helmet":2,"minecraft:diamond_leggings":3,"minecraft:chest":2,"minecraft:gray_bed":2,"minecraft:emerald":144,"minecraft:cooked_porkchop":23,"minecraft:crafting_table":5,"minecraft:spruce_planks":36,"minecraft:iron_helmet":2,"minecraft:wooden_pickaxe":1,"minecraft:baked_potato":20,"minecraft:copper_ingot":2,"minecraft:fletching_table":2,"minecraft:birch_planks":16,"minecraft:iron_chestplate":1,"minecraft:diamond_pickaxe":2,"minecraft:shield":13,"minecraft:stick":4740,"minecraft:iron_ingot":94,"minecraft:iron_pickaxe":2,"minecraft:gold_ingot":17,"minecraft:shears":3,"minecraft:cherry_planks":2324,"minecraft:leather_leggings":1,"minecraft:leather_boots":3,"minecraft:spyglass":1,"minecraft:furnace":4,"minecraft:dark_oak_trapdoor":2,"minecraft:bone_meal":54,"minecraft:flint_and_steel":1,"minecraft:iron_axe":2,"minecraft:iron_hoe":2,"minecraft:stone_pickaxe":2,"minecraft:diamond_boots":2,"minecraft:dark_oak_planks":96,"minecraft:chainmail_leggings":1,"minecraft:wheat":135,"minecraft:cooked_beef":23,"minecraft:red_dye":2,"minecraft:enchanting_table":1,"minecraft:iron_sword":1,"minecraft:cooked_salmon":14,"minecraft:bucket":1,"minecraft:dark_oak_button":2,"minecraft:stone_axe":6,"minecraft:bread":45,"minecraft:air":0,"minecraft:wooden_axe":1,"minecraft:iron_shovel":3,"minecraft:white_bed":3,"minecraft:torch":780,"minecraft:diamond_chestplate":2},"minecraft:used":{"minecraft:cherry_sapling":30,"minecraft:jack_o_lantern":2,"minecraft:iron_shovel":438,"minecraft:diamond_hoe":3199,"minecraft:chest":3,"minecraft:shield":78,"minecraft:iron_sword":97,"minecraft:rotten_flesh":2,"minecraft:nether_bricks":7,"minecraft:carrot":96,"minecraft:deepslate_tile_slab":4,"minecraft:tuff":5,"minecraft:cyan_wool":17,"minecraft:azure_bluet":1,"minecraft:obsidian":23,"minecraft:lava_bucket":4,"minecraft:stone_brick_stairs":1,"minecraft:magma_block":4,"minecraft:dark_oak_boat":10,"minecraft:sweet_berries":35,"minecraft:furnace":7,"minecraft:gray_bed":2,"minecraft:egg":2,"minecraft:potato":27,"minecraft:diorite":5,"minecraft:stone_pickaxe":134,"minecraft:wooden_pickaxe":10,"minecraft:sugar_cane":8,"minecraft:blue_bed":3,"minecraft:golden_apple":5,"minecraft:glow_berries":2,"minecraft:dark_oak_trapdoor":3,"minecraft:light_blue_wool":39,"minecraft:dripstone_block":5,"minecraft:shears":143,"minecraft:dark_oak_log":30,"minecraft:bread":68,"minecraft:gravel":7,"minecraft:cooked_rabbit":1,"minecraft:andesite":5,"minecraft:oak_fence":1,"minecraft:bone_meal":54,"minecraft:experience_bottle":10,"minecraft:enchanting_table":1,"minecraft:stone_sword":44,"minecraft:flint_and_steel":29,"minecraft:cooked_salmon":14,"minecraft:cooked_chicken":5,"minecraft:netherrack":623,"minecraft:torch":834,"minecraft:spyglass":144,"minecraft:dirt":303,"minecraft:warped_wart_block":1,"minecraft:iron_hoe":520,"minecraft:dark_oak_planks":11,"minecraft:wooden_axe":3,"minecraft:iron_axe":319,"minecraft:melon_seeds":3,"minecraft:beef":1,"minecraft:soul_soil":26,"minecraft:goat_horn":16,"minecraft:cooked_beef":17,"minecraft:cobbled_deepslate":304,"minecraft:powder_snow_bucket":6,"minecraft:cherry_log":8,"minecraft:wheat_seeds":10,"minecraft:cooked_mutton":21,"minecraft:water_bucket":132,"minecraft:baked_potato":20,"minecraft:cartography_table":1,"minecraft:blue_wool":38,"minecraft:birch_boat":1,"minecraft:cherry_planks":141,"minecraft:fletching_table":2,"minecraft:salmon":4,"minecraft:rail":1,"minecraft:crafting_table":19,"minecraft:white_bed":11,"minecraft:dark_oak_door":14,"minecraft:diamond_pickaxe":3549,"minecraft:cherry_door":2,"minecraft:iron_pickaxe":706,"minecraft:map":1,"minecraft:stone_axe":835,"minecraft:pink_petals":23,"minecraft:cobblestone":81,"minecraft:potion":2,"minecraft:cooked_porkchop":10,"minecraft:bucket":145,"minecraft:gray_wool":92,"minecraft:soul_torch":52},"minecraft:broken":{"minecraft:stone_pickaxe":1,"minecraft:diamond_pickaxe":1,"minecraft:stone_axe":6,"minecraft:iron_hoe":1,"minecraft:shield":1,"minecraft:iron_axe":1,"minecraft:iron_pickaxe":3},"minecraft:killed":{"minecraft:spider":9,"minecraft:skeleton":26,"minecraft:chicken":5,"minecraft:magma_cube":1,"minecraft:pig":6,"minecraft:zombie_villager":1,"minecraft:salmon":24,"minecraft:creeper":2,"minecraft:sheep":14,"minecraft:zombie":39,"minecraft:cow":12,"minecraft:blaze":3,"minecraft:slime":2,"minecraft:drowned":2,"minecraft:bat":1,"minecraft:enderman":3},"minecraft:picked_up":{"minecraft:chiseled_deepslate":1,"minecraft:lead":2,"minecraft:potion":2,"minecraft:stone_brick_stairs":1,"minecraft:string":5,"minecraft:dark_oak_trapdoor":1,"minecraft:raw_copper":24,"minecraft:soul_soil":32,"minecraft:gold_nugget":20,"minecraft:cobbled_deepslate":1269,"minecraft:bucket":4,"minecraft:iron_pickaxe":1,"minecraft:dark_oak_door":6,"minecraft:furnace":6,"minecraft:blue_wool":38,"minecraft:stick":22,"minecraft:oak_fence":1,"minecraft:torch":64,"minecraft:porkchop":14,"minecraft:cherry_log":589,"minecraft:pointed_dripstone":8,"minecraft:diorite":52,"minecraft:goat_horn":3,"minecraft:stone_sword":1,"minecraft:rotten_flesh":26,"minecraft:light_blue_wool":39,"minecraft:blaze_rod":2,"minecraft:obsidian":28,"minecraft:cobblestone":464,"minecraft:birch_log":9,"minecraft:pink_petals":69,"minecraft:magma_block":14,"minecraft:feather":6,"minecraft:cooked_beef":13,"minecraft:cherry_planks":67,"minecraft:andesite":63,"minecraft:dark_oak_boat":10,"minecraft:potato":62,"minecraft:flint":9,"minecraft:tuff":117,"minecraft:silence_armor_trim_smithing_template":5,"minecraft:cherry_door":7,"minecraft:lapis_lazuli":310,"minecraft:dirt":337,"minecraft:leather_boots":2,"minecraft:bone":21,"minecraft:bow":1,"minecraft:wheat_seeds":71,"minecraft:raw_gold":25,"minecraft:mossy_stone_bricks":1,"minecraft:stone_hoe":2,"minecraft:oak_planks":6,"minecraft:cooked_porkchop":1,"minecraft:warped_wart_block":1,"minecraft:dark_oak_log":92,"minecraft:mossy_cobblestone":6,"minecraft:iron_hoe":1,"minecraft:diamond":139,"minecraft:granite":60,"minecraft:bone_meal":1,"minecraft:golden_apple":1,"minecraft:emerald":3,"minecraft:bread":21,"minecraft:jack_o_lantern":2,"minecraft:netherrack":628,"minecraft:diamond_pickaxe":1,"minecraft:crafting_table":16,"minecraft:azure_bluet":111,"minecraft:chicken":5,"minecraft:nether_wart":58,"minecraft:clay_ball":376,"minecraft:leather_leggings":1,"minecraft:cooked_rabbit":1,"minecraft:gold_block":3,"minecraft:shield":3,"minecraft:moss_carpet":7,"minecraft:compass":1,"minecraft:cracked_stone_bricks":1,"minecraft:cartography_table":1,"minecraft:beef":20,"minecraft:cyan_wool":20,"minecraft:poppy":39,"minecraft:lectern":1,"minecraft:sugar_cane":8,"minecraft:chest":6,"minecraft:egg":2,"minecraft:dark_oak_sapling":1,"minecraft:raw_iron":169,"minecraft:carrot":260,"minecraft:redstone":131,"minecraft:blue_carpet":6,"minecraft:dark_oak_planks":8,"minecraft:arrow":33,"minecraft:beetroot_seeds":3,"minecraft:nether_bricks":13,"minecraft:shears":1,"minecraft:deepslate_bricks":1,"minecraft:hay_block":15,"minecraft:cracked_deepslate_bricks":3,"minecraft:ward_armor_trim_smithing_template":1,"minecraft:glow_berries":4,"minecraft:mutton":19,"minecraft:white_wool":15,"minecraft:rail":3,"minecraft:bone_block":21,"minecraft:salmon":23,"minecraft:leather":12,"minecraft:oak_log":20,"minecraft:golden_boots":1,"minecraft:deepslate_tile_slab":10,"minecraft:blue_bed":3,"minecraft:cooked_mutton":8,"minecraft:gray_carpet":2,"minecraft:rabbit_hide":1,"minecraft:iron_ingot":23,"minecraft:stone_pickaxe":1,"minecraft:gray_bed":2,"minecraft:soul_sand":10,"minecraft:dark_oak_stairs":2,"minecraft:sculk_catalyst":3,"minecraft:warped_fungus":10,"minecraft:birch_boat":1,"minecraft:sweet_berries":35,"minecraft:sculk":4,"minecraft:quartz":2,"minecraft:dripstone_block":14,"minecraft:gravel":80,"minecraft:amethyst_shard":48,"minecraft:soul_torch":1,"minecraft:white_bed":9,"minecraft:sculk_sensor":4,"minecraft:slime_ball":2,"minecraft:stone_axe":1,"minecraft:cherry_sapling":39,"minecraft:gray_wool":120,"minecraft:warped_roots":3,"minecraft:melon_seeds":3,"minecraft:coal":149,"minecraft:ender_pearl":1},"minecraft:mined":{"minecraft:dark_oak_planks":3,"minecraft:blue_carpet":2,"minecraft:large_amethyst_bud":1,"minecraft:white_bed":10,"minecraft:sculk_vein":154,"minecraft:cherry_log":587,"minecraft:obsidian":28,"minecraft:granite":70,"minecraft:grass_block":203,"minecraft:soul_soil":45,"minecraft:deepslate_bricks":3,"minecraft:deepslate_tile_stairs":2,"minecraft:blue_wool":41,"minecraft:nether_wart":39,"minecraft:spawner":3,"minecraft:tall_seagrass":1,"minecraft:magma_block":13,"minecraft:glowstone":1,"minecraft:sculk_catalyst":3,"minecraft:dark_oak_trapdoor":1,"minecraft:iron_ore":119,"minecraft:cobbled_deepslate":28,"minecraft:fire":19,"minecraft:deepslate_lapis_ore":40,"minecraft:azure_bluet":13,"minecraft:dark_oak_stairs":3,"minecraft:sculk_shrieker":28,"minecraft:deepslate_redstone_ore":33,"minecraft:soul_wall_torch":1,"minecraft:soul_fire":6,"minecraft:amethyst_cluster":13,"minecraft:deepslate_tile_slab":10,"minecraft:clay":94,"minecraft:powder_snow":61,"minecraft:torch":26,"minecraft:poppy":8,"minecraft:chest":6,"minecraft:nether_quartz_ore":2,"minecraft:cobblestone":19,"minecraft:oak_planks":1,"minecraft:sugar_cane":6,"minecraft:wall_torch":15,"minecraft:amethyst_block":2,"minecraft:pink_petals":14,"minecraft:cyan_wool":18,"minecraft:dark_oak_door":7,"minecraft:birch_log":9,"minecraft:warped_fungus":10,"minecraft:stone_brick_stairs":1,"minecraft:oak_log":20,"minecraft:dirt":113,"minecraft:netherrack":710,"minecraft:oak_leaves":1,"minecraft:deepslate":2061,"minecraft:nether_gold_ore":6,"minecraft:deepslate_tiles":4,"minecraft:tuff":122,"minecraft:light_blue_wool":39,"minecraft:mossy_cobblestone":5,"minecraft:dark_oak_leaves":1,"minecraft:deepslate_diamond_ore":128,"minecraft:dark_oak_log":77,"minecraft:jack_o_lantern":2,"minecraft:nether_bricks":15,"minecraft:spruce_leaves":7,"minecraft:moss_block":1,"minecraft:cartography_table":1,"minecraft:large_fern":10,"minecraft:hay_block":15,"minecraft:furnace":6,"minecraft:carrots":47,"minecraft:andesite":63,"minecraft:chiseled_deepslate":1,"minecraft:gold_block":3,"minecraft:potatoes":12,"minecraft:deepslate_iron_ore":56,"minecraft:rail":1,"minecraft:packed_ice":2,"minecraft:stone":468,"minecraft:bone_block":21,"minecraft:cherry_planks":35,"minecraft:snow_block":1,"minecraft:dandelion":1,"minecraft:oak_fence":1,"minecraft:crafting_table":15,"minecraft:short_grass":100,"minecraft:emerald_ore":3,"minecraft:warped_roots":3,"minecraft:sculk_sensor":135,"minecraft:lectern":1,"minecraft:tall_grass":6,"minecraft:copper_ore":8,"minecraft:deepslate_gold_ore":20,"minecraft:lapis_ore":11,"minecraft:cracked_deepslate_bricks":4,"minecraft:sculk":3454,"minecraft:diorite":55,"minecraft:blue_bed":3,"minecraft:warped_wart_block":1,"minecraft:gray_wool":107,"minecraft:sweet_berry_bush":15,"minecraft:gray_bed":1,"minecraft:coal_ore":156,"minecraft:cherry_leaves":43,"minecraft:gravel":96,"minecraft:dripstone_block":8,"minecraft:gray_carpet":4,"minecraft:cobweb":15,"minecraft:cracked_stone_bricks":1,"minecraft:mossy_stone_bricks":1,"minecraft:gold_ore":5}},"DataVersion":3953}