{"stats":{"minecraft:used":{"minecraft:cooked_mutton":2,"minecraft:diorite":5,"minecraft:stone_pickaxe":133,"minecraft:wooden_pickaxe":10,"minecraft:shield":5,"minecraft:cherry_planks":5,"minecraft:blue_bed":2,"minecraft:cooked_salmon":12,"minecraft:salmon":4,"minecraft:torch":27,"minecraft:dark_oak_trapdoor":3,"minecraft:dirt":44,"minecraft:crafting_table":6,"minecraft:white_bed":6,"minecraft:dripstone_block":5,"minecraft:azure_bluet":1,"minecraft:dark_oak_door":13,"minecraft:dark_oak_planks":11,"minecraft:wooden_axe":3,"minecraft:dark_oak_log":30,"minecraft:iron_pickaxe":14,"minecraft:gravel":7,"minecraft:stone_axe":192,"minecraft:pink_petals":20,"minecraft:cobblestone":21,"minecraft:beef":1,"minecraft:dark_oak_boat":2,"minecraft:goat_horn":13,"minecraft:furnace":4,"minecraft:cooked_porkchop":2,"minecraft:andesite":5,"minecraft:egg":2,"minecraft:cooked_beef":4,"minecraft:jack_o_lantern":2},"minecraft:picked_up":{"minecraft:birch_log":5,"minecraft:pink_petals":24,"minecraft:crafting_table":6,"minecraft:azure_bluet":2,"minecraft:feather":6,"minecraft:cooked_beef":13,"minecraft:chicken":5,"minecraft:cherry_planks":6,"minecraft:andesite":1,"minecraft:salmon":23,"minecraft:leather":12,"minecraft:dark_oak_boat":2,"minecraft:oak_log":6,"minecraft:dark_oak_trapdoor":1,"minecraft:blue_bed":3,"minecraft:dirt":44,"minecraft:leather_boots":1,"minecraft:cooked_mutton":8,"minecraft:wheat_seeds":8,"minecraft:iron_ingot":1,"minecraft:beef":20,"minecraft:poppy":1,"minecraft:sugar_cane":7,"minecraft:dark_oak_stairs":2,"minecraft:furnace":5,"minecraft:egg":2,"minecraft:dark_oak_door":5,"minecraft:stick":4,"minecraft:raw_iron":34,"minecraft:sweet_berries":35,"minecraft:torch":3,"minecraft:dripstone_block":7,"minecraft:gravel":7,"minecraft:porkchop":14,"minecraft:pointed_dripstone":2,"minecraft:diorite":4,"minecraft:white_bed":4,"minecraft:dark_oak_log":91,"minecraft:goat_horn":3,"minecraft:dark_oak_planks":1,"minecraft:rotten_flesh":2,"minecraft:bone_meal":1,"minecraft:cherry_sapling":4,"minecraft:jack_o_lantern":2,"minecraft:mutton":19,"minecraft:coal":40,"minecraft:white_wool":12,"minecraft:cobblestone":67},"minecraft:dropped":{"minecraft:furnace":2,"minecraft:goat_horn":2,"minecraft:cooked_beef":19,"minecraft:crafting_table":1,"minecraft:iron_helmet":1,"minecraft:cobblestone":24,"minecraft:cooked_mutton":12,"minecraft:dark_oak_log":19,"minecraft:wooden_axe":1,"minecraft:leather_boots":2,"minecraft:wooden_pickaxe":1},"minecraft:killed":{"minecraft:pig":6,"minecraft:salmon":24,"minecraft:creeper":1,"minecraft:sheep":11,"minecraft:zombie":1,"minecraft:chicken":5,"minecraft:enderman":1,"minecraft:cow":12},"minecraft:custom":{"minecraft:interact_with_furnace":87,"minecraft:mob_kills":63,"minecraft:interact_with_crafting_table":23,"minecraft:leave_game":3,"minecraft:time_since_death":143661,"minecraft:sleep_in_bed":10,"minecraft:climb_one_cm":243,"minecraft:time_since_rest":7918,"minecraft:sprint_one_cm":413869,"minecraft:damage_taken":623,"minecraft:walk_one_cm":438662,"minecraft:damage_blocked_by_shield":243,"minecraft:drop":17,"minecraft:damage_dealt":4681,"minecraft:talked_to_villager":1,"minecraft:swim_one_cm":39954,"minecraft:fly_one_cm":595500,"minecraft:open_chest":37,"minecraft:crouch_one_cm":2593,"minecraft:play_time":143661,"minecraft:sneak_time":967,"minecraft:walk_under_water_one_cm":13900,"minecraft:boat_one_cm":23777,"minecraft:jump":3457,"minecraft:walk_on_water_one_cm":29324,"minecraft:total_world_time":143661,"minecraft:fall_one_cm":83330},"minecraft:mined":{"minecraft:white_bed":6,"minecraft:cherry_planks":5,"minecraft:dark_oak_leaves":1,"minecraft:jack_o_lantern":2,"minecraft:dark_oak_log":76,"minecraft:dandelion":1,"minecraft:powder_snow":39,"minecraft:crafting_table":6,"minecraft:torch":2,"minecraft:short_grass":6,"minecraft:grass_block":25,"minecraft:poppy":1,"minecraft:cobblestone":9,"minecraft:sugar_cane":5,"minecraft:blue_bed":3,"minecraft:diorite":4,"minecraft:wall_torch":1,"minecraft:large_fern":10,"minecraft:pink_petals":5,"minecraft:tall_seagrass":1,"minecraft:furnace":5,"minecraft:dark_oak_door":7,"minecraft:dark_oak_trapdoor":1,"minecraft:birch_log":5,"minecraft:iron_ore":34,"minecraft:sweet_berry_bush":15,"minecraft:andesite":1,"minecraft:dark_oak_stairs":3,"minecraft:coal_ore":38,"minecraft:oak_log":6,"minecraft:gravel":9,"minecraft:dripstone_block":4,"minecraft:dirt":14,"minecraft:packed_ice":1,"minecraft:stone":57,"minecraft:oak_leaves":1},"minecraft:crafted":{"minecraft:cooked_beef":23,"minecraft:red_dye":1,"minecraft:oak_planks":24,"minecraft:cooked_porkchop":23,"minecraft:leather_boots":3,"minecraft:crafting_table":1,"minecraft:cooked_chicken":5,"minecraft:wooden_pickaxe":1,"minecraft:iron_helmet":2,"minecraft:furnace":1,"minecraft:cooked_salmon":14,"minecraft:dark_oak_trapdoor":2,"minecraft:stone_axe":2,"minecraft:cooked_mutton":25,"minecraft:air":0,"minecraft:dark_oak_door":9,"minecraft:iron_chestplate":1,"minecraft:shield":1,"minecraft:stick":16,"minecraft:iron_ingot":29,"minecraft:stone_pickaxe":1,"minecraft:iron_pickaxe":1,"minecraft:wooden_axe":1,"minecraft:white_bed":2,"minecraft:dark_oak_planks":44,"minecraft:torch":24},"minecraft:broken":{"minecraft:stone_pickaxe":1,"minecraft:stone_axe":2}},"DataVersion":3953}