{"stats":{"minecraft:used":{"minecraft:crafting_table":1},"minecraft:mined":{"minecraft:birch_log":6,"minecraft:birch_leaves":3},"minecraft:custom":{"minecraft:jump":24,"minecraft:time_since_rest":2369,"minecraft:damage_taken":20,"minecraft:sprint_one_cm":4368,"minecraft:play_time":2369,"minecraft:walk_on_water_one_cm":82,"minecraft:time_since_death":2369,"minecraft:walk_one_cm":2109,"minecraft:total_world_time":2369,"minecraft:interact_with_crafting_table":2,"minecraft:fall_one_cm":1815,"minecraft:fly_one_cm":6756},"minecraft:picked_up":{"minecraft:birch_log":6},"minecraft:crafted":{"minecraft:birch_planks":24,"minecraft:crafting_table":1,"minecraft:stick":4,"minecraft:wooden_pickaxe":1}},"DataVersion":3953}