{"stats":{"minecraft:used":{"minecraft:stone_pickaxe":56,"minecraft:wooden_pickaxe":10,"minecraft:cooked_salmon":4,"minecraft:salmon":4,"minecraft:torch":14,"minecraft:dirt":17,"minecraft:crafting_table":6,"minecraft:white_bed":3,"minecraft:wooden_axe":3,"minecraft:stone_axe":88,"minecraft:cobblestone":2,"minecraft:beef":1,"minecraft:furnace":4,"minecraft:cooked_porkchop":1},"minecraft:picked_up":{"minecraft:birch_log":5,"minecraft:pink_petals":1,"minecraft:crafting_table":6,"minecraft:salmon":23,"minecraft:leather":9,"minecraft:dark_oak_boat":1,"minecraft:oak_log":6,"minecraft:dirt":17,"minecraft:beef":11,"minecraft:iron_ingot":1,"minecraft:sugar_cane":7,"minecraft:furnace":5,"minecraft:raw_iron":10,"minecraft:torch":1,"minecraft:white_bed":3,"minecraft:dark_oak_log":35,"minecraft:bone_meal":1,"minecraft:mutton":4,"minecraft:coal":21,"minecraft:white_wool":4,"minecraft:cobblestone":29},"minecraft:dropped":{"minecraft:wooden_axe":1,"minecraft:wooden_pickaxe":1},"minecraft:killed":{"minecraft:salmon":24,"minecraft:creeper":1,"minecraft:sheep":3,"minecraft:cow":7},"minecraft:custom":{"minecraft:interact_with_furnace":44,"minecraft:mob_kills":35,"minecraft:interact_with_crafting_table":13,"minecraft:leave_game":1,"minecraft:time_since_death":41721,"minecraft:sleep_in_bed":2,"minecraft:time_since_rest":948,"minecraft:sprint_one_cm":121458,"minecraft:damage_taken":262,"minecraft:walk_one_cm":111482,"minecraft:drop":2,"minecraft:damage_dealt":2050,"minecraft:swim_one_cm":31312,"minecraft:fly_one_cm":148977,"minecraft:crouch_one_cm":1505,"minecraft:play_time":41721,"minecraft:sneak_time":590,"minecraft:walk_under_water_one_cm":11969,"minecraft:boat_one_cm":21249,"minecraft:jump":1179,"minecraft:walk_on_water_one_cm":9511,"minecraft:total_world_time":41721,"minecraft:fall_one_cm":25316},"minecraft:mined":{"minecraft:white_bed":4,"minecraft:dark_oak_leaves":1,"minecraft:dark_oak_log":37,"minecraft:dandelion":1,"minecraft:crafting_table":6,"minecraft:short_grass":1,"minecraft:grass_block":3,"minecraft:sugar_cane":5,"minecraft:wall_torch":1,"minecraft:pink_petals":2,"minecraft:tall_seagrass":1,"minecraft:furnace":5,"minecraft:birch_log":5,"minecraft:iron_ore":10,"minecraft:oak_log":6,"minecraft:coal_ore":19,"minecraft:dirt":14,"minecraft:stone":29},"minecraft:crafted":{"minecraft:cooked_beef":14,"minecraft:oak_planks":24,"minecraft:cooked_porkchop":9,"minecraft:leather_boots":2,"minecraft:crafting_table":1,"minecraft:wooden_pickaxe":1,"minecraft:furnace":1,"minecraft:cooked_salmon":14,"minecraft:stone_axe":2,"minecraft:cooked_mutton":8,"minecraft:air":0,"minecraft:iron_chestplate":1,"minecraft:shield":1,"minecraft:stick":16,"minecraft:iron_ingot":9,"minecraft:stone_pickaxe":1,"minecraft:wooden_axe":1,"minecraft:white_bed":1,"minecraft:dark_oak_planks":8,"minecraft:torch":16}},"DataVersion":3953}