{"stats":{"minecraft:dropped":{"minecraft:cooked_beef":19,"minecraft:glass_bottle":1,"minecraft:diamond":10,"minecraft:crafting_table":1,"minecraft:cooked_porkchop":3,"minecraft:dark_oak_log":19,"minecraft:dark_oak_planks":6,"minecraft:dark_oak_boat":1,"minecraft:bone":4,"minecraft:gravel":2,"minecraft:stone_axe":2,"minecraft:goat_horn":2,"minecraft:cobbled_deepslate":56,"minecraft:rotten_flesh":2,"minecraft:cooked_mutton":12,"minecraft:ward_armor_trim_smithing_template":1,"minecraft:rabbit_hide":1,"minecraft:leather_boots":3,"minecraft:chest":5,"minecraft:leather_leggings":1,"minecraft:arrow":1,"minecraft:stone_hoe":2,"minecraft:iron_ingot":4,"minecraft:bread":21,"minecraft:wheat_seeds":1,"minecraft:dripstone_block":3,"minecraft:diamond_leggings":1,"minecraft:iron_helmet":1,"minecraft:cobblestone":24,"minecraft:granite":12,"minecraft:coal":18,"minecraft:diorite":5,"minecraft:sculk_catalyst":1,"minecraft:gray_bed":2,"minecraft:wooden_axe":1,"minecraft:chainmail_leggings":1,"minecraft:string":2,"minecraft:pink_petals":24,"minecraft:blue_carpet":6,"minecraft:bucket":3,"minecraft:gray_carpet":2,"minecraft:furnace":2,"minecraft:soul_soil":6,"minecraft:tuff":19,"minecraft:shears":1,"minecraft:shield":15,"minecraft:diamond_pickaxe":1,"minecraft:andesite":8,"minecraft:diamond_boots":1,"minecraft:wooden_pickaxe":1,"minecraft:magma_block":6},"minecraft:broken":{"minecraft:stone_pickaxe":1,"minecraft:diamond_pickaxe":1,"minecraft:stone_axe":5,"minecraft:iron_axe":1,"minecraft:iron_pickaxe":2},"minecraft:used":{"minecraft:cherry_sapling":27,"minecraft:jack_o_lantern":2,"minecraft:iron_shovel":79,"minecraft:diamond_hoe":2998,"minecraft:chest":3,"minecraft:shield":29,"minecraft:deepslate_tile_slab":4,"minecraft:tuff":5,"minecraft:cyan_wool":17,"minecraft:azure_bluet":1,"minecraft:obsidian":23,"minecraft:lava_bucket":4,"minecraft:stone_brick_stairs":1,"minecraft:magma_block":3,"minecraft:dark_oak_boat":10,"minecraft:furnace":7,"minecraft:gray_bed":2,"minecraft:egg":2,"minecraft:diorite":5,"minecraft:stone_pickaxe":134,"minecraft:wooden_pickaxe":10,"minecraft:blue_bed":3,"minecraft:golden_apple":1,"minecraft:dark_oak_trapdoor":3,"minecraft:light_blue_wool":15,"minecraft:dripstone_block":5,"minecraft:shears":125,"minecraft:dark_oak_log":30,"minecraft:bread":38,"minecraft:gravel":7,"minecraft:cooked_rabbit":1,"minecraft:andesite":5,"minecraft:experience_bottle":3,"minecraft:enchanting_table":1,"minecraft:stone_sword":29,"minecraft:flint_and_steel":3,"minecraft:cooked_salmon":14,"minecraft:cooked_chicken":5,"minecraft:netherrack":214,"minecraft:torch":490,"minecraft:dirt":92,"minecraft:spyglass":89,"minecraft:iron_hoe":279,"minecraft:dark_oak_planks":11,"minecraft:wooden_axe":3,"minecraft:iron_axe":183,"minecraft:beef":1,"minecraft:soul_soil":2,"minecraft:goat_horn":16,"minecraft:cooked_beef":13,"minecraft:cobbled_deepslate":141,"minecraft:cherry_log":8,"minecraft:cooked_mutton":21,"minecraft:water_bucket":90,"minecraft:blue_wool":31,"minecraft:cherry_planks":137,"minecraft:fletching_table":2,"minecraft:salmon":4,"minecraft:crafting_table":13,"minecraft:white_bed":6,"minecraft:dark_oak_door":13,"minecraft:diamond_pickaxe":2772,"minecraft:cherry_door":2,"minecraft:iron_pickaxe":456,"minecraft:map":1,"minecraft:stone_axe":620,"minecraft:pink_petals":23,"minecraft:cobblestone":80,"minecraft:potion":1,"minecraft:cooked_porkchop":2,"minecraft:bucket":95,"minecraft:gray_wool":92,"minecraft:soul_torch":26},"minecraft:custom":{"minecraft:interact_with_crafting_table":57,"minecraft:leave_game":12,"minecraft:time_since_death":666959,"minecraft:sprint_one_cm":1472649,"minecraft:damage_blocked_by_shield":1407,"minecraft:drop":93,"minecraft:talked_to_villager":63,"minecraft:play_time":666959,"minecraft:jump":11142,"minecraft:walk_on_water_one_cm":81660,"minecraft:enchant_item":4,"minecraft:interact_with_furnace":121,"minecraft:traded_with_villager":120,"minecraft:sleep_in_bed":22,"minecraft:damage_dealt":10666,"minecraft:crouch_one_cm":445852,"minecraft:horse_one_cm":423811,"minecraft:mob_kills":95,"minecraft:climb_one_cm":8218,"minecraft:walk_one_cm":1521579,"minecraft:sneak_time":112435,"minecraft:walk_under_water_one_cm":35366,"minecraft:boat_one_cm":43864,"minecraft:total_world_time":666959,"minecraft:time_since_rest":100748,"minecraft:damage_taken":2851,"minecraft:damage_absorbed":29,"minecraft:swim_one_cm":61724,"minecraft:fly_one_cm":1777765,"minecraft:open_chest":263,"minecraft:fall_one_cm":291533},"minecraft:mined":{"minecraft:dark_oak_planks":3,"minecraft:blue_carpet":2,"minecraft:large_amethyst_bud":1,"minecraft:white_bed":6,"minecraft:cherry_log":425,"minecraft:sculk_vein":147,"minecraft:obsidian":28,"minecraft:granite":50,"minecraft:grass_block":44,"minecraft:soul_soil":5,"minecraft:deepslate_bricks":2,"minecraft:deepslate_tile_stairs":2,"minecraft:blue_wool":34,"minecraft:tall_seagrass":1,"minecraft:magma_block":10,"minecraft:sculk_catalyst":2,"minecraft:dark_oak_trapdoor":1,"minecraft:iron_ore":102,"minecraft:cobbled_deepslate":19,"minecraft:fire":2,"minecraft:deepslate_lapis_ore":29,"minecraft:azure_bluet":13,"minecraft:dark_oak_stairs":3,"minecraft:sculk_shrieker":20,"minecraft:deepslate_redstone_ore":33,"minecraft:amethyst_cluster":13,"minecraft:deepslate_tile_slab":10,"minecraft:powder_snow":56,"minecraft:torch":20,"minecraft:poppy":7,"minecraft:chest":6,"minecraft:cobblestone":14,"minecraft:sugar_cane":5,"minecraft:wall_torch":12,"minecraft:amethyst_block":2,"minecraft:pink_petals":14,"minecraft:cyan_wool":18,"minecraft:dark_oak_door":7,"minecraft:birch_log":5,"minecraft:stone_brick_stairs":1,"minecraft:oak_log":18,"minecraft:dirt":60,"minecraft:netherrack":257,"minecraft:oak_leaves":1,"minecraft:deepslate":1918,"minecraft:nether_gold_ore":5,"minecraft:deepslate_tiles":4,"minecraft:tuff":114,"minecraft:light_blue_wool":28,"minecraft:mossy_cobblestone":2,"minecraft:dark_oak_leaves":1,"minecraft:deepslate_diamond_ore":49,"minecraft:dark_oak_log":77,"minecraft:jack_o_lantern":2,"minecraft:spruce_leaves":7,"minecraft:large_fern":10,"minecraft:hay_block":15,"minecraft:furnace":6,"minecraft:andesite":31,"minecraft:chiseled_deepslate":1,"minecraft:gold_block":3,"minecraft:deepslate_iron_ore":47,"minecraft:packed_ice":2,"minecraft:stone":385,"minecraft:cherry_planks":30,"minecraft:dandelion":1,"minecraft:crafting_table":12,"minecraft:short_grass":90,"minecraft:emerald_ore":3,"minecraft:sculk_sensor":126,"minecraft:tall_grass":4,"minecraft:copper_ore":8,"minecraft:lapis_ore":11,"minecraft:deepslate_gold_ore":20,"minecraft:cracked_deepslate_bricks":1,"minecraft:sculk":3172,"minecraft:diorite":42,"minecraft:blue_bed":3,"minecraft:gray_wool":107,"minecraft:sweet_berry_bush":15,"minecraft:gray_bed":1,"minecraft:coal_ore":85,"minecraft:cherry_leaves":34,"minecraft:gravel":80,"minecraft:dripstone_block":8,"minecraft:gray_carpet":2,"minecraft:cracked_stone_bricks":1,"minecraft:mossy_stone_bricks":1,"minecraft:gold_ore":5},"minecraft:picked_up":{"minecraft:chiseled_deepslate":1,"minecraft:lead":2,"minecraft:potion":2,"minecraft:stone_brick_stairs":1,"minecraft:string":3,"minecraft:dark_oak_trapdoor":1,"minecraft:raw_copper":24,"minecraft:soul_soil":8,"minecraft:gold_nugget":20,"minecraft:cobbled_deepslate":1150,"minecraft:bucket":4,"minecraft:iron_pickaxe":1,"minecraft:blue_wool":31,"minecraft:furnace":6,"minecraft:dark_oak_door":5,"minecraft:stick":22,"minecraft:torch":54,"minecraft:porkchop":14,"minecraft:cherry_log":425,"minecraft:pointed_dripstone":3,"minecraft:diorite":43,"minecraft:goat_horn":3,"minecraft:stone_sword":1,"minecraft:rotten_flesh":9,"minecraft:light_blue_wool":28,"minecraft:obsidian":28,"minecraft:cobblestone":395,"minecraft:birch_log":5,"minecraft:pink_petals":69,"minecraft:magma_block":12,"minecraft:feather":6,"minecraft:cooked_beef":13,"minecraft:cherry_planks":63,"minecraft:andesite":31,"minecraft:dark_oak_boat":9,"minecraft:flint":8,"minecraft:tuff":111,"minecraft:lapis_lazuli":242,"minecraft:cherry_door":7,"minecraft:dirt":108,"minecraft:leather_boots":2,"minecraft:bone":8,"minecraft:wheat_seeds":67,"minecraft:raw_gold":25,"minecraft:mossy_stone_bricks":1,"minecraft:stone_hoe":2,"minecraft:dark_oak_log":92,"minecraft:diamond":59,"minecraft:granite":50,"minecraft:bone_meal":1,"minecraft:emerald":3,"minecraft:jack_o_lantern":2,"minecraft:netherrack":217,"minecraft:diamond_pickaxe":1,"minecraft:crafting_table":12,"minecraft:azure_bluet":109,"minecraft:chicken":5,"minecraft:leather_leggings":1,"minecraft:cooked_rabbit":1,"minecraft:gold_block":3,"minecraft:shield":3,"minecraft:compass":1,"minecraft:cracked_stone_bricks":1,"minecraft:beef":20,"minecraft:cyan_wool":20,"minecraft:poppy":35,"minecraft:sugar_cane":7,"minecraft:chest":6,"minecraft:egg":2,"minecraft:raw_iron":143,"minecraft:redstone":131,"minecraft:blue_carpet":6,"minecraft:dark_oak_planks":8,"minecraft:arrow":14,"minecraft:beetroot_seeds":3,"minecraft:shears":1,"minecraft:hay_block":15,"minecraft:ward_armor_trim_smithing_template":1,"minecraft:glow_berries":4,"minecraft:mutton":19,"minecraft:white_wool":12,"minecraft:salmon":23,"minecraft:leather":12,"minecraft:oak_log":18,"minecraft:deepslate_tile_slab":10,"minecraft:blue_bed":3,"minecraft:cooked_mutton":8,"minecraft:gray_carpet":2,"minecraft:rabbit_hide":1,"minecraft:iron_ingot":5,"minecraft:stone_pickaxe":1,"minecraft:gray_bed":2,"minecraft:dark_oak_stairs":2,"minecraft:sculk_catalyst":3,"minecraft:sweet_berries":35,"minecraft:sculk":4,"minecraft:dripstone_block":10,"minecraft:gravel":73,"minecraft:amethyst_shard":48,"minecraft:white_bed":4,"minecraft:sculk_sensor":4,"minecraft:slime_ball":2,"minecraft:stone_axe":1,"minecraft:cherry_sapling":35,"minecraft:gray_wool":120,"minecraft:melon_seeds":3,"minecraft:coal":78,"minecraft:ender_pearl":1},"minecraft:crafted":{"minecraft:oak_planks":72,"minecraft:dark_oak_boat":2,"minecraft:cooked_chicken":5,"minecraft:cooked_mutton":25,"minecraft:dark_oak_door":9,"minecraft:diamond_leggings":2,"minecraft:chest":2,"minecraft:gray_bed":2,"minecraft:emerald":103,"minecraft:cooked_porkchop":23,"minecraft:crafting_table":3,"minecraft:spruce_planks":16,"minecraft:wooden_pickaxe":1,"minecraft:iron_helmet":2,"minecraft:copper_ingot":2,"minecraft:fletching_table":2,"minecraft:iron_chestplate":1,"minecraft:diamond_pickaxe":2,"minecraft:shield":13,"minecraft:stick":3384,"minecraft:iron_ingot":57,"minecraft:iron_pickaxe":2,"minecraft:shears":3,"minecraft:cherry_planks":1668,"minecraft:leather_leggings":1,"minecraft:leather_boots":3,"minecraft:spyglass":1,"minecraft:furnace":4,"minecraft:dark_oak_trapdoor":2,"minecraft:flint_and_steel":1,"minecraft:iron_axe":1,"minecraft:iron_hoe":2,"minecraft:stone_pickaxe":2,"minecraft:diamond_boots":2,"minecraft:dark_oak_planks":96,"minecraft:chainmail_leggings":1,"minecraft:wheat":135,"minecraft:cooked_beef":23,"minecraft:red_dye":2,"minecraft:enchanting_table":1,"minecraft:cooked_salmon":14,"minecraft:dark_oak_button":2,"minecraft:bucket":1,"minecraft:stone_axe":5,"minecraft:air":0,"minecraft:bread":45,"minecraft:wooden_axe":1,"minecraft:iron_shovel":1,"minecraft:white_bed":2,"minecraft:torch":528},"minecraft:killed":{"minecraft:spider":4,"minecraft:skeleton":7,"minecraft:chicken":5,"minecraft:pig":6,"minecraft:salmon":24,"minecraft:creeper":1,"minecraft:sheep":11,"minecraft:zombie":16,"minecraft:cow":12,"minecraft:slime":2,"minecraft:bat":1,"minecraft:enderman":2}},"DataVersion":3953}