{"stats":{"minecraft:used":{"minecraft:cooked_mutton":2,"minecraft:diorite":5,"minecraft:stone_pickaxe":133,"minecraft:wooden_pickaxe":10,"minecraft:shield":5,"minecraft:cooked_salmon":9,"minecraft:salmon":4,"minecraft:torch":26,"minecraft:dirt":42,"minecraft:crafting_table":6,"minecraft:white_bed":6,"minecraft:dripstone_block":5,"minecraft:azure_bluet":1,"minecraft:dark_oak_door":11,"minecraft:dark_oak_planks":10,"minecraft:wooden_axe":3,"minecraft:dark_oak_log":30,"minecraft:iron_pickaxe":12,"minecraft:gravel":7,"minecraft:stone_axe":180,"minecraft:pink_petals":15,"minecraft:cobblestone":10,"minecraft:beef":1,"minecraft:dark_oak_boat":2,"minecraft:goat_horn":13,"minecraft:furnace":4,"minecraft:cooked_porkchop":2,"minecraft:andesite":5,"minecraft:cooked_beef":3},"minecraft:picked_up":{"minecraft:birch_log":5,"minecraft:pink_petals":19,"minecraft:crafting_table":6,"minecraft:azure_bluet":2,"minecraft:feather":6,"minecraft:cooked_beef":13,"minecraft:chicken":5,"minecraft:cherry_planks":5,"minecraft:andesite":1,"minecraft:salmon":23,"minecraft:leather":10,"minecraft:dark_oak_boat":2,"minecraft:oak_log":6,"minecraft:dirt":42,"minecraft:leather_boots":1,"minecraft:cooked_mutton":8,"minecraft:wheat_seeds":5,"minecraft:iron_ingot":1,"minecraft:beef":15,"minecraft:poppy":1,"minecraft:sugar_cane":7,"minecraft:dark_oak_stairs":2,"minecraft:furnace":5,"minecraft:egg":2,"minecraft:dark_oak_door":4,"minecraft:stick":4,"minecraft:raw_iron":33,"minecraft:torch":2,"minecraft:dripstone_block":7,"minecraft:gravel":7,"minecraft:porkchop":7,"minecraft:pointed_dripstone":2,"minecraft:diorite":4,"minecraft:white_bed":4,"minecraft:dark_oak_log":91,"minecraft:goat_horn":3,"minecraft:dark_oak_planks":1,"minecraft:rotten_flesh":2,"minecraft:bone_meal":1,"minecraft:cherry_sapling":4,"minecraft:mutton":19,"minecraft:coal":40,"minecraft:white_wool":12,"minecraft:cobblestone":67},"minecraft:dropped":{"minecraft:furnace":2,"minecraft:goat_horn":2,"minecraft:cooked_beef":19,"minecraft:crafting_table":1,"minecraft:iron_helmet":1,"minecraft:cobblestone":24,"minecraft:cooked_mutton":12,"minecraft:dark_oak_log":19,"minecraft:wooden_axe":1,"minecraft:leather_boots":2,"minecraft:wooden_pickaxe":1},"minecraft:killed":{"minecraft:pig":3,"minecraft:salmon":24,"minecraft:creeper":1,"minecraft:sheep":11,"minecraft:zombie":1,"minecraft:chicken":5,"minecraft:enderman":1,"minecraft:cow":9},"minecraft:custom":{"minecraft:interact_with_furnace":60,"minecraft:mob_kills":57,"minecraft:interact_with_crafting_table":22,"minecraft:leave_game":3,"minecraft:time_since_death":119661,"minecraft:sleep_in_bed":6,"minecraft:time_since_rest":11443,"minecraft:sprint_one_cm":343936,"minecraft:damage_taken":573,"minecraft:walk_one_cm":387423,"minecraft:damage_blocked_by_shield":243,"minecraft:drop":17,"minecraft:damage_dealt":4101,"minecraft:swim_one_cm":31312,"minecraft:fly_one_cm":498594,"minecraft:open_chest":31,"minecraft:crouch_one_cm":2294,"minecraft:play_time":119661,"minecraft:sneak_time":877,"minecraft:walk_under_water_one_cm":12380,"minecraft:boat_one_cm":23777,"minecraft:jump":2868,"minecraft:walk_on_water_one_cm":12076,"minecraft:total_world_time":119661,"minecraft:fall_one_cm":69888},"minecraft:mined":{"minecraft:white_bed":6,"minecraft:cherry_planks":5,"minecraft:dark_oak_leaves":1,"minecraft:dark_oak_log":76,"minecraft:dandelion":1,"minecraft:powder_snow":38,"minecraft:crafting_table":6,"minecraft:torch":1,"minecraft:short_grass":6,"minecraft:grass_block":23,"minecraft:poppy":1,"minecraft:cobblestone":8,"minecraft:sugar_cane":5,"minecraft:diorite":4,"minecraft:wall_torch":1,"minecraft:pink_petals":5,"minecraft:tall_seagrass":1,"minecraft:furnace":5,"minecraft:dark_oak_door":6,"minecraft:birch_log":5,"minecraft:iron_ore":34,"minecraft:andesite":1,"minecraft:dark_oak_stairs":3,"minecraft:coal_ore":38,"minecraft:oak_log":6,"minecraft:gravel":9,"minecraft:dripstone_block":4,"minecraft:dirt":14,"minecraft:stone":57,"minecraft:oak_leaves":1},"minecraft:crafted":{"minecraft:cooked_beef":14,"minecraft:red_dye":1,"minecraft:oak_planks":24,"minecraft:cooked_porkchop":9,"minecraft:leather_boots":3,"minecraft:crafting_table":1,"minecraft:wooden_pickaxe":1,"minecraft:iron_helmet":2,"minecraft:furnace":1,"minecraft:cooked_salmon":14,"minecraft:stone_axe":2,"minecraft:cooked_mutton":11,"minecraft:air":0,"minecraft:dark_oak_door":9,"minecraft:iron_chestplate":1,"minecraft:shield":1,"minecraft:stick":16,"minecraft:iron_ingot":25,"minecraft:stone_pickaxe":1,"minecraft:iron_pickaxe":1,"minecraft:wooden_axe":1,"minecraft:white_bed":2,"minecraft:dark_oak_planks":36,"minecraft:torch":24},"minecraft:broken":{"minecraft:stone_pickaxe":1,"minecraft:stone_axe":1}},"DataVersion":3953}