{"stats":{"minecraft:custom":{"minecraft:mob_kills":76,"minecraft:interact_with_crafting_table":45,"minecraft:leave_game":8,"minecraft:time_since_death":448520,"minecraft:climb_one_cm":7414,"minecraft:sprint_one_cm":989771,"minecraft:walk_one_cm":1077218,"minecraft:damage_blocked_by_shield":858,"minecraft:drop":38,"minecraft:talked_to_villager":5,"minecraft:play_time":448520,"minecraft:sneak_time":82888,"minecraft:walk_under_water_one_cm":27273,"minecraft:boat_one_cm":43864,"minecraft:jump":7853,"minecraft:walk_on_water_one_cm":72466,"minecraft:total_world_time":448520,"minecraft:interact_with_furnace":108,"minecraft:sleep_in_bed":18,"minecraft:time_since_rest":2899,"minecraft:damage_taken":2031,"minecraft:damage_dealt":6655,"minecraft:swim_one_cm":46271,"minecraft:fly_one_cm":1326174,"minecraft:open_chest":196,"minecraft:crouch_one_cm":332347,"minecraft:fall_one_cm":217447,"minecraft:horse_one_cm":420875},"minecraft:crafted":{"minecraft:cherry_planks":72,"minecraft:oak_planks":24,"minecraft:dark_oak_boat":2,"minecraft:leather_leggings":1,"minecraft:leather_boots":3,"minecraft:spyglass":1,"minecraft:cooked_chicken":5,"minecraft:furnace":3,"minecraft:dark_oak_trapdoor":2,"minecraft:cooked_mutton":25,"minecraft:flint_and_steel":1,"minecraft:dark_oak_door":9,"minecraft:iron_axe":1,"minecraft:iron_hoe":1,"minecraft:stone_pickaxe":2,"minecraft:chest":2,"minecraft:dark_oak_planks":92,"minecraft:gray_bed":2,"minecraft:cooked_beef":23,"minecraft:red_dye":2,"minecraft:cooked_porkchop":23,"minecraft:crafting_table":3,"minecraft:spruce_planks":16,"minecraft:enchanting_table":1,"minecraft:iron_helmet":2,"minecraft:wooden_pickaxe":1,"minecraft:cooked_salmon":14,"minecraft:copper_ingot":2,"minecraft:fletching_table":1,"minecraft:dark_oak_button":2,"minecraft:bucket":1,"minecraft:stone_axe":2,"minecraft:air":0,"minecraft:iron_chestplate":1,"minecraft:diamond_pickaxe":1,"minecraft:shield":1,"minecraft:stick":80,"minecraft:iron_ingot":52,"minecraft:iron_pickaxe":2,"minecraft:wooden_axe":1,"minecraft:white_bed":2,"minecraft:torch":240,"minecraft:shears":2},"minecraft:picked_up":{"minecraft:chiseled_deepslate":1,"minecraft:crafting_table":10,"minecraft:azure_bluet":109,"minecraft:chicken":5,"minecraft:leather_leggings":1,"minecraft:lead":2,"minecraft:cooked_rabbit":1,"minecraft:gold_block":3,"minecraft:potion":2,"minecraft:stone_brick_stairs":1,"minecraft:soul_soil":5,"minecraft:dark_oak_trapdoor":1,"minecraft:raw_copper":18,"minecraft:compass":1,"minecraft:cracked_stone_bricks":1,"minecraft:gold_nugget":20,"minecraft:cobbled_deepslate":105,"minecraft:bucket":3,"minecraft:beef":20,"minecraft:poppy":35,"minecraft:iron_pickaxe":1,"minecraft:sugar_cane":7,"minecraft:chest":6,"minecraft:furnace":6,"minecraft:egg":2,"minecraft:dark_oak_door":5,"minecraft:stick":4,"minecraft:raw_iron":57,"minecraft:torch":25,"minecraft:porkchop":14,"minecraft:cherry_log":18,"minecraft:pointed_dripstone":3,"minecraft:diorite":27,"minecraft:goat_horn":3,"minecraft:dark_oak_planks":8,"minecraft:arrow":6,"minecraft:rotten_flesh":7,"minecraft:shears":1,"minecraft:hay_block":15,"minecraft:ward_armor_trim_smithing_template":1,"minecraft:obsidian":28,"minecraft:glow_berries":4,"minecraft:mutton":19,"minecraft:white_wool":12,"minecraft:cobblestone":174,"minecraft:birch_log":5,"minecraft:pink_petals":45,"minecraft:magma_block":9,"minecraft:feather":6,"minecraft:cooked_beef":13,"minecraft:cherry_planks":48,"minecraft:andesite":19,"minecraft:salmon":23,"minecraft:leather":12,"minecraft:dark_oak_boat":9,"minecraft:tuff":7,"minecraft:oak_log":6,"minecraft:deepslate_tile_slab":10,"minecraft:lapis_lazuli":33,"minecraft:dirt":99,"minecraft:blue_bed":3,"minecraft:leather_boots":1,"minecraft:cooked_mutton":8,"minecraft:bone":3,"minecraft:gray_carpet":2,"minecraft:wheat_seeds":67,"minecraft:raw_gold":9,"minecraft:rabbit_hide":1,"minecraft:iron_ingot":5,"minecraft:mossy_stone_bricks":1,"minecraft:gray_bed":2,"minecraft:stone_hoe":2,"minecraft:dark_oak_stairs":2,"minecraft:sculk_catalyst":3,"minecraft:sweet_berries":35,"minecraft:sculk":4,"minecraft:dripstone_block":7,"minecraft:gravel":7,"minecraft:amethyst_shard":48,"minecraft:white_bed":4,"minecraft:dark_oak_log":91,"minecraft:sculk_sensor":4,"minecraft:slime_ball":2,"minecraft:diamond":15,"minecraft:granite":38,"minecraft:bone_meal":1,"minecraft:cherry_sapling":4,"minecraft:gray_wool":120,"minecraft:jack_o_lantern":2,"minecraft:netherrack":217,"minecraft:coal":77},"minecraft:mined":{"minecraft:dark_oak_planks":3,"minecraft:nether_gold_ore":5,"minecraft:deepslate_tiles":1,"minecraft:large_amethyst_bud":1,"minecraft:tuff":7,"minecraft:white_bed":6,"minecraft:dark_oak_leaves":1,"minecraft:deepslate_diamond_ore":15,"minecraft:sculk_vein":133,"minecraft:cherry_log":18,"minecraft:dark_oak_log":76,"minecraft:jack_o_lantern":2,"minecraft:obsidian":28,"minecraft:granite":38,"minecraft:grass_block":40,"minecraft:soul_soil":5,"minecraft:deepslate_bricks":2,"minecraft:deepslate_tile_stairs":2,"minecraft:spruce_leaves":7,"minecraft:large_fern":10,"minecraft:hay_block":15,"minecraft:tall_seagrass":1,"minecraft:magma_block":10,"minecraft:sculk_catalyst":2,"minecraft:furnace":6,"minecraft:dark_oak_trapdoor":1,"minecraft:iron_ore":57,"minecraft:cobbled_deepslate":9,"minecraft:fire":2,"minecraft:andesite":19,"minecraft:chiseled_deepslate":1,"minecraft:deepslate_lapis_ore":4,"minecraft:gold_block":3,"minecraft:azure_bluet":13,"minecraft:dark_oak_stairs":3,"minecraft:sculk_shrieker":13,"minecraft:packed_ice":2,"minecraft:stone":165,"minecraft:cherry_planks":15,"minecraft:amethyst_cluster":13,"minecraft:deepslate_tile_slab":10,"minecraft:dandelion":1,"minecraft:powder_snow":56,"minecraft:crafting_table":10,"minecraft:torch":6,"minecraft:short_grass":83,"minecraft:poppy":7,"minecraft:chest":6,"minecraft:sculk_sensor":112,"minecraft:copper_ore":5,"minecraft:tall_grass":2,"minecraft:cobblestone":10,"minecraft:deepslate_gold_ore":8,"minecraft:lapis_ore":2,"minecraft:sugar_cane":5,"minecraft:cracked_deepslate_bricks":1,"minecraft:sculk":2880,"minecraft:diorite":27,"minecraft:blue_bed":3,"minecraft:wall_torch":6,"minecraft:amethyst_block":2,"minecraft:pink_petals":5,"minecraft:gray_wool":107,"minecraft:dark_oak_door":7,"minecraft:birch_log":5,"minecraft:sweet_berry_bush":15,"minecraft:gray_bed":1,"minecraft:stone_brick_stairs":1,"minecraft:oak_log":6,"minecraft:coal_ore":81,"minecraft:cherry_leaves":2,"minecraft:gravel":9,"minecraft:dirt":56,"minecraft:dripstone_block":4,"minecraft:gray_carpet":2,"minecraft:cracked_stone_bricks":1,"minecraft:netherrack":257,"minecraft:mossy_stone_bricks":1,"minecraft:gold_ore":1,"minecraft:oak_leaves":1,"minecraft:deepslate":122},"minecraft:broken":{"minecraft:stone_pickaxe":1,"minecraft:stone_axe":2,"minecraft:iron_pickaxe":1},"minecraft:dropped":{"minecraft:stone_hoe":2,"minecraft:iron_ingot":3,"minecraft:wheat_seeds":1,"minecraft:cooked_beef":19,"minecraft:glass_bottle":1,"minecraft:crafting_table":1,"minecraft:iron_helmet":1,"minecraft:cobblestone":24,"minecraft:dark_oak_log":19,"minecraft:sculk_catalyst":1,"minecraft:gray_bed":2,"minecraft:wooden_axe":1,"minecraft:dark_oak_planks":6,"minecraft:dark_oak_boat":1,"minecraft:bucket":3,"minecraft:gray_carpet":2,"minecraft:furnace":2,"minecraft:goat_horn":2,"minecraft:cobbled_deepslate":39,"minecraft:cooked_mutton":12,"minecraft:shears":1,"minecraft:ward_armor_trim_smithing_template":1,"minecraft:leather_boots":2,"minecraft:chest":5,"minecraft:wooden_pickaxe":1},"minecraft:killed":{"minecraft:spider":1,"minecraft:slime":2,"minecraft:skeleton":5,"minecraft:chicken":5,"minecraft:pig":6,"minecraft:salmon":24,"minecraft:creeper":1,"minecraft:sheep":11,"minecraft:zombie":5,"minecraft:enderman":1,"minecraft:cow":12},"minecraft:used":{"minecraft:jack_o_lantern":2,"minecraft:enchanting_table":1,"minecraft:flint_and_steel":3,"minecraft:chest":3,"minecraft:diamond_hoe":2998,"minecraft:shield":18,"minecraft:cooked_salmon":14,"minecraft:cooked_chicken":5,"minecraft:netherrack":204,"minecraft:torch":210,"minecraft:dirt":75,"minecraft:spyglass":22,"minecraft:deepslate_tile_slab":4,"minecraft:tuff":5,"minecraft:azure_bluet":1,"minecraft:obsidian":23,"minecraft:dark_oak_planks":11,"minecraft:iron_hoe":56,"minecraft:wooden_axe":3,"minecraft:lava_bucket":4,"minecraft:iron_axe":86,"minecraft:stone_brick_stairs":1,"minecraft:magma_block":3,"minecraft:beef":1,"minecraft:dark_oak_boat":10,"minecraft:soul_soil":2,"minecraft:goat_horn":13,"minecraft:furnace":6,"minecraft:gray_bed":2,"minecraft:egg":2,"minecraft:cooked_beef":9,"minecraft:cobbled_deepslate":42,"minecraft:cooked_mutton":18,"minecraft:water_bucket":75,"minecraft:diorite":5,"minecraft:stone_pickaxe":134,"minecraft:wooden_pickaxe":10,"minecraft:cherry_planks":120,"minecraft:fletching_table":1,"minecraft:blue_bed":3,"minecraft:salmon":4,"minecraft:dark_oak_trapdoor":3,"minecraft:crafting_table":11,"minecraft:white_bed":6,"minecraft:dark_oak_door":13,"minecraft:shears":100,"minecraft:dripstone_block":5,"minecraft:diamond_pickaxe":342,"minecraft:dark_oak_log":30,"minecraft:bread":12,"minecraft:iron_pickaxe":450,"minecraft:map":1,"minecraft:gravel":7,"minecraft:stone_axe":192,"minecraft:pink_petals":23,"minecraft:potion":1,"minecraft:cobblestone":80,"minecraft:cooked_porkchop":2,"minecraft:cooked_rabbit":1,"minecraft:andesite":5,"minecraft:bucket":79,"minecraft:gray_wool":92,"minecraft:experience_bottle":3,"minecraft:soul_torch":26}},"DataVersion":3953}