{"stats":{"minecraft:used":{"minecraft:jack_o_lantern":2,"minecraft:chest":3,"minecraft:shield":15,"minecraft:cooked_salmon":14,"minecraft:torch":76,"minecraft:dirt":44,"minecraft:azure_bluet":1,"minecraft:iron_hoe":17,"minecraft:dark_oak_planks":11,"minecraft:wooden_axe":3,"minecraft:iron_axe":24,"minecraft:beef":1,"minecraft:dark_oak_boat":2,"minecraft:furnace":6,"minecraft:goat_horn":13,"minecraft:egg":2,"minecraft:cooked_beef":6,"minecraft:cooked_mutton":3,"minecraft:water_bucket":8,"minecraft:diorite":5,"minecraft:stone_pickaxe":134,"minecraft:wooden_pickaxe":10,"minecraft:cherry_planks":5,"minecraft:blue_bed":3,"minecraft:salmon":4,"minecraft:dark_oak_trapdoor":3,"minecraft:crafting_table":9,"minecraft:white_bed":6,"minecraft:dripstone_block":5,"minecraft:dark_oak_door":13,"minecraft:dark_oak_log":30,"minecraft:iron_pickaxe":398,"minecraft:gravel":7,"minecraft:stone_axe":192,"minecraft:pink_petals":20,"minecraft:cobblestone":55,"minecraft:cooked_porkchop":2,"minecraft:andesite":5,"minecraft:bucket":9},"minecraft:picked_up":{"minecraft:crafting_table":8,"minecraft:azure_bluet":2,"minecraft:chicken":5,"minecraft:dark_oak_trapdoor":1,"minecraft:raw_copper":18,"minecraft:cobbled_deepslate":95,"minecraft:beef":20,"minecraft:poppy":1,"minecraft:chest":1,"minecraft:sugar_cane":7,"minecraft:egg":2,"minecraft:furnace":6,"minecraft:dark_oak_door":5,"minecraft:stick":4,"minecraft:raw_iron":53,"minecraft:torch":4,"minecraft:porkchop":14,"minecraft:pointed_dripstone":3,"minecraft:diorite":27,"minecraft:goat_horn":3,"minecraft:dark_oak_planks":1,"minecraft:arrow":4,"minecraft:rotten_flesh":4,"minecraft:mutton":19,"minecraft:white_wool":12,"minecraft:cobblestone":167,"minecraft:birch_log":5,"minecraft:pink_petals":24,"minecraft:feather":6,"minecraft:cooked_beef":13,"minecraft:cherry_planks":6,"minecraft:salmon":23,"minecraft:andesite":19,"minecraft:leather":12,"minecraft:dark_oak_boat":2,"minecraft:tuff":7,"minecraft:oak_log":6,"minecraft:lapis_lazuli":29,"minecraft:blue_bed":3,"minecraft:dirt":44,"minecraft:leather_boots":1,"minecraft:cooked_mutton":8,"minecraft:bone":2,"minecraft:wheat_seeds":8,"minecraft:raw_gold":1,"minecraft:iron_ingot":2,"minecraft:dark_oak_stairs":2,"minecraft:sweet_berries":35,"minecraft:gravel":7,"minecraft:dripstone_block":7,"minecraft:white_bed":4,"minecraft:dark_oak_log":91,"minecraft:granite":38,"minecraft:bone_meal":1,"minecraft:cherry_sapling":4,"minecraft:jack_o_lantern":2,"minecraft:coal":77},"minecraft:dropped":{"minecraft:cooked_beef":19,"minecraft:crafting_table":1,"minecraft:iron_helmet":1,"minecraft:cobblestone":24,"minecraft:dark_oak_log":19,"minecraft:wooden_axe":1,"minecraft:furnace":2,"minecraft:goat_horn":2,"minecraft:cooked_mutton":12,"minecraft:leather_boots":2,"minecraft:wooden_pickaxe":1},"minecraft:killed":{"minecraft:spider":1,"minecraft:skeleton":3,"minecraft:chicken":5,"minecraft:pig":6,"minecraft:salmon":24,"minecraft:creeper":1,"minecraft:sheep":11,"minecraft:zombie":4,"minecraft:enderman":1,"minecraft:cow":12},"minecraft:custom":{"minecraft:mob_kills":71,"minecraft:interact_with_crafting_table":32,"minecraft:leave_game":4,"minecraft:time_since_death":191632,"minecraft:climb_one_cm":243,"minecraft:sprint_one_cm":471410,"minecraft:walk_one_cm":517692,"minecraft:damage_blocked_by_shield":678,"minecraft:drop":17,"minecraft:talked_to_villager":1,"minecraft:play_time":191632,"minecraft:sneak_time":9687,"minecraft:walk_under_water_one_cm":15911,"minecraft:boat_one_cm":23777,"minecraft:jump":4085,"minecraft:walk_on_water_one_cm":35324,"minecraft:total_world_time":191632,"minecraft:interact_with_furnace":94,"minecraft:sleep_in_bed":12,"minecraft:time_since_rest":41650,"minecraft:damage_taken":895,"minecraft:damage_dealt":5862,"minecraft:swim_one_cm":39954,"minecraft:fly_one_cm":676875,"minecraft:open_chest":41,"minecraft:crouch_one_cm":28045,"minecraft:fall_one_cm":102168},"minecraft:mined":{"minecraft:tuff":7,"minecraft:white_bed":6,"minecraft:dark_oak_leaves":1,"minecraft:sculk_vein":3,"minecraft:dark_oak_log":76,"minecraft:jack_o_lantern":2,"minecraft:granite":38,"minecraft:grass_block":25,"minecraft:large_fern":10,"minecraft:tall_seagrass":1,"minecraft:furnace":6,"minecraft:dark_oak_trapdoor":1,"minecraft:iron_ore":53,"minecraft:andesite":19,"minecraft:deepslate_lapis_ore":3,"minecraft:dark_oak_stairs":3,"minecraft:packed_ice":1,"minecraft:stone":157,"minecraft:cherry_planks":5,"minecraft:dandelion":1,"minecraft:powder_snow":39,"minecraft:crafting_table":8,"minecraft:torch":2,"minecraft:short_grass":6,"minecraft:poppy":1,"minecraft:chest":1,"minecraft:copper_ore":5,"minecraft:cobblestone":10,"minecraft:lapis_ore":2,"minecraft:sugar_cane":5,"minecraft:sculk":94,"minecraft:diorite":27,"minecraft:blue_bed":3,"minecraft:wall_torch":2,"minecraft:pink_petals":5,"minecraft:dark_oak_door":7,"minecraft:birch_log":5,"minecraft:sweet_berry_bush":15,"minecraft:oak_log":6,"minecraft:coal_ore":81,"minecraft:gravel":9,"minecraft:dripstone_block":4,"minecraft:dirt":14,"minecraft:gold_ore":1,"minecraft:deepslate":119,"minecraft:oak_leaves":1},"minecraft:crafted":{"minecraft:oak_planks":24,"minecraft:leather_boots":3,"minecraft:cooked_chicken":5,"minecraft:furnace":3,"minecraft:dark_oak_trapdoor":2,"minecraft:cooked_mutton":25,"minecraft:dark_oak_door":9,"minecraft:iron_axe":1,"minecraft:iron_hoe":1,"minecraft:stone_pickaxe":2,"minecraft:chest":2,"minecraft:dark_oak_planks":68,"minecraft:cooked_beef":23,"minecraft:red_dye":1,"minecraft:cooked_porkchop":23,"minecraft:crafting_table":2,"minecraft:spruce_planks":16,"minecraft:wooden_pickaxe":1,"minecraft:iron_helmet":2,"minecraft:cooked_salmon":14,"minecraft:bucket":1,"minecraft:stone_axe":2,"minecraft:air":0,"minecraft:iron_chestplate":1,"minecraft:shield":1,"minecraft:stick":56,"minecraft:iron_ingot":39,"minecraft:iron_pickaxe":2,"minecraft:wooden_axe":1,"minecraft:white_bed":2,"minecraft:torch":100},"minecraft:broken":{"minecraft:stone_pickaxe":1,"minecraft:stone_axe":2,"minecraft:iron_pickaxe":1}},"DataVersion":3953}