{"stats":{"minecraft:dropped":{"minecraft:cooked_beef":19,"minecraft:diamond":10,"minecraft:glass_bottle":1,"minecraft:crafting_table":1,"minecraft:cooked_porkchop":3,"minecraft:dark_oak_log":19,"minecraft:bone_block":15,"minecraft:dark_oak_planks":6,"minecraft:dark_oak_boat":1,"minecraft:bone":4,"minecraft:gravel":2,"minecraft:stone_axe":3,"minecraft:goat_horn":2,"minecraft:cobbled_deepslate":56,"minecraft:rotten_flesh":2,"minecraft:cooked_mutton":12,"minecraft:ward_armor_trim_smithing_template":1,"minecraft:rabbit_hide":1,"minecraft:leather_boots":3,"minecraft:chest":5,"minecraft:leather_leggings":1,"minecraft:arrow":3,"minecraft:stone_hoe":2,"minecraft:iron_ingot":4,"minecraft:bread":21,"minecraft:wheat_seeds":1,"minecraft:dripstone_block":3,"minecraft:diamond_leggings":1,"minecraft:iron_helmet":1,"minecraft:cobblestone":24,"minecraft:granite":12,"minecraft:coal":47,"minecraft:diorite":5,"minecraft:sculk_catalyst":1,"minecraft:gray_bed":2,"minecraft:wooden_axe":1,"minecraft:chainmail_leggings":1,"minecraft:string":2,"minecraft:pink_petals":24,"minecraft:blue_carpet":6,"minecraft:bucket":3,"minecraft:gray_carpet":2,"minecraft:furnace":2,"minecraft:soul_soil":6,"minecraft:tuff":19,"minecraft:shears":1,"minecraft:deepslate_bricks":1,"minecraft:cyan_wool":3,"minecraft:shield":15,"minecraft:diamond_pickaxe":1,"minecraft:andesite":8,"minecraft:diamond_boots":1,"minecraft:wooden_pickaxe":1,"minecraft:cracked_deepslate_bricks":3,"minecraft:magma_block":6},"minecraft:broken":{"minecraft:stone_pickaxe":1,"minecraft:diamond_pickaxe":1,"minecraft:stone_axe":6,"minecraft:iron_hoe":1,"minecraft:iron_axe":1,"minecraft:iron_pickaxe":2},"minecraft:used":{"minecraft:cherry_sapling":30,"minecraft:jack_o_lantern":2,"minecraft:iron_shovel":284,"minecraft:diamond_hoe":3140,"minecraft:chest":3,"minecraft:shield":37,"minecraft:rotten_flesh":2,"minecraft:carrot":1,"minecraft:deepslate_tile_slab":4,"minecraft:tuff":5,"minecraft:cyan_wool":17,"minecraft:azure_bluet":1,"minecraft:obsidian":23,"minecraft:lava_bucket":4,"minecraft:stone_brick_stairs":1,"minecraft:magma_block":4,"minecraft:dark_oak_boat":10,"minecraft:sweet_berries":19,"minecraft:furnace":7,"minecraft:gray_bed":2,"minecraft:egg":2,"minecraft:potato":15,"minecraft:diorite":5,"minecraft:stone_pickaxe":134,"minecraft:wooden_pickaxe":10,"minecraft:sugar_cane":7,"minecraft:blue_bed":3,"minecraft:golden_apple":2,"minecraft:glow_berries":2,"minecraft:dark_oak_trapdoor":3,"minecraft:light_blue_wool":39,"minecraft:dripstone_block":5,"minecraft:shears":143,"minecraft:dark_oak_log":30,"minecraft:bread":54,"minecraft:gravel":7,"minecraft:cooked_rabbit":1,"minecraft:andesite":5,"minecraft:experience_bottle":7,"minecraft:enchanting_table":1,"minecraft:stone_sword":44,"minecraft:flint_and_steel":29,"minecraft:cooked_salmon":14,"minecraft:cooked_chicken":5,"minecraft:netherrack":366,"minecraft:torch":527,"minecraft:dirt":287,"minecraft:spyglass":130,"minecraft:iron_hoe":520,"minecraft:dark_oak_planks":11,"minecraft:wooden_axe":3,"minecraft:iron_axe":192,"minecraft:melon_seeds":3,"minecraft:beef":1,"minecraft:soul_soil":20,"minecraft:goat_horn":16,"minecraft:cooked_beef":17,"minecraft:cobbled_deepslate":242,"minecraft:powder_snow_bucket":3,"minecraft:cherry_log":8,"minecraft:wheat_seeds":10,"minecraft:cooked_mutton":21,"minecraft:water_bucket":95,"minecraft:cartography_table":1,"minecraft:blue_wool":38,"minecraft:cherry_planks":137,"minecraft:fletching_table":2,"minecraft:salmon":4,"minecraft:crafting_table":15,"minecraft:white_bed":6,"minecraft:dark_oak_door":13,"minecraft:diamond_pickaxe":3115,"minecraft:cherry_door":2,"minecraft:iron_pickaxe":456,"minecraft:map":1,"minecraft:stone_axe":835,"minecraft:pink_petals":23,"minecraft:cobblestone":80,"minecraft:potion":2,"minecraft:cooked_porkchop":9,"minecraft:bucket":104,"minecraft:gray_wool":92,"minecraft:soul_torch":52},"minecraft:custom":{"minecraft:interact_with_crafting_table":62,"minecraft:leave_game":14,"minecraft:time_since_death":807027,"minecraft:sprint_one_cm":1897788,"minecraft:damage_blocked_by_shield":1872,"minecraft:drop":101,"minecraft:talked_to_villager":80,"minecraft:play_time":807027,"minecraft:jump":14555,"minecraft:walk_on_water_one_cm":83340,"minecraft:enchant_item":6,"minecraft:interact_with_furnace":136,"minecraft:traded_with_villager":163,"minecraft:sleep_in_bed":24,"minecraft:damage_dealt":11929,"minecraft:crouch_one_cm":507975,"minecraft:use_cauldron":1,"minecraft:horse_one_cm":425644,"minecraft:interact_with_smithing_table":3,"minecraft:mob_kills":103,"minecraft:climb_one_cm":13169,"minecraft:walk_one_cm":1817365,"minecraft:sneak_time":132526,"minecraft:walk_under_water_one_cm":39279,"minecraft:boat_one_cm":43864,"minecraft:total_world_time":807027,"minecraft:time_since_rest":59969,"minecraft:damage_taken":4173,"minecraft:damage_absorbed":68,"minecraft:swim_one_cm":67161,"minecraft:fly_one_cm":2377279,"minecraft:open_chest":430,"minecraft:fall_one_cm":392488},"minecraft:mined":{"minecraft:dark_oak_planks":3,"minecraft:blue_carpet":2,"minecraft:large_amethyst_bud":1,"minecraft:white_bed":6,"minecraft:cherry_log":587,"minecraft:sculk_vein":154,"minecraft:obsidian":28,"minecraft:granite":50,"minecraft:grass_block":200,"minecraft:soul_soil":45,"minecraft:deepslate_bricks":3,"minecraft:deepslate_tile_stairs":2,"minecraft:blue_wool":41,"minecraft:tall_seagrass":1,"minecraft:magma_block":12,"minecraft:sculk_catalyst":3,"minecraft:dark_oak_trapdoor":1,"minecraft:iron_ore":108,"minecraft:cobbled_deepslate":20,"minecraft:fire":5,"minecraft:deepslate_lapis_ore":29,"minecraft:azure_bluet":13,"minecraft:dark_oak_stairs":3,"minecraft:sculk_shrieker":27,"minecraft:deepslate_redstone_ore":33,"minecraft:soul_wall_torch":1,"minecraft:soul_fire":6,"minecraft:amethyst_cluster":13,"minecraft:deepslate_tile_slab":10,"minecraft:powder_snow":56,"minecraft:torch":23,"minecraft:poppy":8,"minecraft:chest":6,"minecraft:nether_quartz_ore":2,"minecraft:cobblestone":14,"minecraft:sugar_cane":5,"minecraft:wall_torch":14,"minecraft:amethyst_block":2,"minecraft:pink_petals":14,"minecraft:cyan_wool":18,"minecraft:dark_oak_door":7,"minecraft:birch_log":5,"minecraft:stone_brick_stairs":1,"minecraft:oak_log":18,"minecraft:dirt":72,"minecraft:netherrack":456,"minecraft:oak_leaves":1,"minecraft:deepslate":1984,"minecraft:deepslate_tiles":4,"minecraft:nether_gold_ore":5,"minecraft:tuff":118,"minecraft:light_blue_wool":39,"minecraft:mossy_cobblestone":2,"minecraft:dark_oak_leaves":1,"minecraft:deepslate_diamond_ore":74,"minecraft:dark_oak_log":77,"minecraft:jack_o_lantern":2,"minecraft:spruce_leaves":7,"minecraft:cartography_table":1,"minecraft:large_fern":10,"minecraft:hay_block":15,"minecraft:furnace":6,"minecraft:andesite":31,"minecraft:chiseled_deepslate":1,"minecraft:gold_block":3,"minecraft:deepslate_iron_ore":47,"minecraft:packed_ice":2,"minecraft:stone":386,"minecraft:bone_block":21,"minecraft:cherry_planks":31,"minecraft:dandelion":1,"minecraft:crafting_table":14,"minecraft:short_grass":100,"minecraft:emerald_ore":3,"minecraft:sculk_sensor":135,"minecraft:lectern":1,"minecraft:tall_grass":4,"minecraft:copper_ore":8,"minecraft:lapis_ore":11,"minecraft:deepslate_gold_ore":20,"minecraft:cracked_deepslate_bricks":4,"minecraft:sculk":3454,"minecraft:diorite":42,"minecraft:blue_bed":3,"minecraft:gray_wool":107,"minecraft:sweet_berry_bush":15,"minecraft:gray_bed":1,"minecraft:coal_ore":85,"minecraft:cherry_leaves":43,"minecraft:gravel":80,"minecraft:dripstone_block":8,"minecraft:gray_carpet":4,"minecraft:cracked_stone_bricks":1,"minecraft:mossy_stone_bricks":1,"minecraft:gold_ore":5},"minecraft:picked_up":{"minecraft:chiseled_deepslate":1,"minecraft:lead":2,"minecraft:potion":2,"minecraft:stone_brick_stairs":1,"minecraft:string":3,"minecraft:dark_oak_trapdoor":1,"minecraft:raw_copper":24,"minecraft:soul_soil":32,"minecraft:gold_nugget":20,"minecraft:cobbled_deepslate":1187,"minecraft:bucket":4,"minecraft:iron_pickaxe":1,"minecraft:dark_oak_door":5,"minecraft:furnace":6,"minecraft:blue_wool":38,"minecraft:stick":22,"minecraft:torch":54,"minecraft:porkchop":14,"minecraft:cherry_log":589,"minecraft:pointed_dripstone":3,"minecraft:diorite":43,"minecraft:goat_horn":3,"minecraft:stone_sword":1,"minecraft:rotten_flesh":11,"minecraft:light_blue_wool":39,"minecraft:obsidian":28,"minecraft:cobblestone":395,"minecraft:birch_log":5,"minecraft:pink_petals":69,"minecraft:magma_block":13,"minecraft:feather":6,"minecraft:cooked_beef":13,"minecraft:cherry_planks":63,"minecraft:andesite":31,"minecraft:dark_oak_boat":10,"minecraft:flint":8,"minecraft:tuff":114,"minecraft:silence_armor_trim_smithing_template":5,"minecraft:lapis_lazuli":242,"minecraft:cherry_door":7,"minecraft:dirt":274,"minecraft:leather_boots":2,"minecraft:bone":10,"minecraft:wheat_seeds":71,"minecraft:raw_gold":25,"minecraft:mossy_stone_bricks":1,"minecraft:stone_hoe":2,"minecraft:dark_oak_log":92,"minecraft:iron_hoe":1,"minecraft:diamond":85,"minecraft:granite":50,"minecraft:bone_meal":1,"minecraft:bread":21,"minecraft:emerald":3,"minecraft:jack_o_lantern":2,"minecraft:netherrack":402,"minecraft:diamond_pickaxe":1,"minecraft:crafting_table":14,"minecraft:azure_bluet":111,"minecraft:chicken":5,"minecraft:leather_leggings":1,"minecraft:cooked_rabbit":1,"minecraft:gold_block":3,"minecraft:shield":3,"minecraft:compass":1,"minecraft:cracked_stone_bricks":1,"minecraft:cartography_table":1,"minecraft:beef":20,"minecraft:cyan_wool":20,"minecraft:poppy":39,"minecraft:lectern":1,"minecraft:sugar_cane":7,"minecraft:chest":6,"minecraft:egg":2,"minecraft:raw_iron":149,"minecraft:carrot":1,"minecraft:redstone":131,"minecraft:blue_carpet":6,"minecraft:dark_oak_planks":8,"minecraft:arrow":20,"minecraft:beetroot_seeds":3,"minecraft:shears":1,"minecraft:deepslate_bricks":1,"minecraft:hay_block":15,"minecraft:cracked_deepslate_bricks":3,"minecraft:ward_armor_trim_smithing_template":1,"minecraft:glow_berries":4,"minecraft:mutton":19,"minecraft:white_wool":12,"minecraft:bone_block":21,"minecraft:salmon":23,"minecraft:leather":12,"minecraft:oak_log":18,"minecraft:golden_boots":1,"minecraft:deepslate_tile_slab":10,"minecraft:blue_bed":3,"minecraft:cooked_mutton":8,"minecraft:gray_carpet":2,"minecraft:rabbit_hide":1,"minecraft:iron_ingot":23,"minecraft:stone_pickaxe":1,"minecraft:gray_bed":2,"minecraft:soul_sand":10,"minecraft:dark_oak_stairs":2,"minecraft:sculk_catalyst":3,"minecraft:sweet_berries":35,"minecraft:sculk":4,"minecraft:quartz":2,"minecraft:dripstone_block":10,"minecraft:gravel":73,"minecraft:amethyst_shard":48,"minecraft:soul_torch":1,"minecraft:white_bed":4,"minecraft:sculk_sensor":4,"minecraft:slime_ball":2,"minecraft:stone_axe":1,"minecraft:cherry_sapling":39,"minecraft:gray_wool":120,"minecraft:melon_seeds":3,"minecraft:coal":78,"minecraft:ender_pearl":1},"minecraft:crafted":{"minecraft:oak_planks":72,"minecraft:smooth_stone":15,"minecraft:dark_oak_boat":2,"minecraft:cooked_chicken":5,"minecraft:cooked_mutton":25,"minecraft:dark_oak_door":9,"minecraft:diamond_helmet":2,"minecraft:diamond_leggings":3,"minecraft:chest":2,"minecraft:gray_bed":2,"minecraft:emerald":144,"minecraft:cooked_porkchop":23,"minecraft:crafting_table":4,"minecraft:spruce_planks":36,"minecraft:wooden_pickaxe":1,"minecraft:iron_helmet":2,"minecraft:copper_ingot":2,"minecraft:fletching_table":2,"minecraft:iron_chestplate":1,"minecraft:diamond_pickaxe":2,"minecraft:shield":13,"minecraft:stick":4688,"minecraft:iron_ingot":94,"minecraft:iron_pickaxe":2,"minecraft:shears":3,"minecraft:cherry_planks":2324,"minecraft:leather_leggings":1,"minecraft:leather_boots":3,"minecraft:spyglass":1,"minecraft:furnace":4,"minecraft:dark_oak_trapdoor":2,"minecraft:flint_and_steel":1,"minecraft:iron_axe":2,"minecraft:iron_hoe":2,"minecraft:stone_pickaxe":2,"minecraft:diamond_boots":2,"minecraft:dark_oak_planks":96,"minecraft:chainmail_leggings":1,"minecraft:wheat":135,"minecraft:cooked_beef":23,"minecraft:red_dye":2,"minecraft:enchanting_table":1,"minecraft:cooked_salmon":14,"minecraft:bucket":1,"minecraft:dark_oak_button":2,"minecraft:stone_axe":6,"minecraft:bread":45,"minecraft:air":0,"minecraft:wooden_axe":1,"minecraft:iron_shovel":3,"minecraft:white_bed":2,"minecraft:torch":576,"minecraft:diamond_chestplate":2},"minecraft:killed":{"minecraft:spider":4,"minecraft:skeleton":10,"minecraft:chicken":5,"minecraft:magma_cube":1,"minecraft:pig":6,"minecraft:salmon":24,"minecraft:creeper":1,"minecraft:sheep":11,"minecraft:zombie":18,"minecraft:cow":12,"minecraft:slime":2,"minecraft:bat":1,"minecraft:enderman":3}},"DataVersion":3953}