{"stats":{"minecraft:used":{"minecraft:stone_pickaxe":76,"minecraft:wooden_pickaxe":10,"minecraft:cooked_salmon":4,"minecraft:salmon":4,"minecraft:torch":17,"minecraft:dirt":17,"minecraft:crafting_table":6,"minecraft:white_bed":5,"minecraft:wooden_axe":3,"minecraft:dark_oak_log":30,"minecraft:stone_axe":108,"minecraft:pink_petals":1,"minecraft:cobblestone":2,"minecraft:beef":1,"minecraft:dark_oak_boat":2,"minecraft:goat_horn":3,"minecraft:furnace":4,"minecraft:cooked_porkchop":1,"minecraft:andesite":1,"minecraft:cooked_beef":3},"minecraft:picked_up":{"minecraft:birch_log":5,"minecraft:pink_petals":1,"minecraft:crafting_table":6,"minecraft:cooked_beef":13,"minecraft:andesite":1,"minecraft:salmon":23,"minecraft:leather":9,"minecraft:dark_oak_boat":2,"minecraft:oak_log":6,"minecraft:dirt":17,"minecraft:leather_boots":1,"minecraft:cooked_mutton":8,"minecraft:beef":11,"minecraft:iron_ingot":1,"minecraft:poppy":1,"minecraft:sugar_cane":7,"minecraft:furnace":5,"minecraft:raw_iron":10,"minecraft:torch":1,"minecraft:gravel":7,"minecraft:diorite":4,"minecraft:white_bed":4,"minecraft:dark_oak_log":51,"minecraft:goat_horn":2,"minecraft:bone_meal":1,"minecraft:mutton":4,"minecraft:coal":21,"minecraft:white_wool":4,"minecraft:cobblestone":43},"minecraft:dropped":{"minecraft:goat_horn":1,"minecraft:cooked_beef":19,"minecraft:cooked_mutton":12,"minecraft:wooden_axe":1,"minecraft:leather_boots":2,"minecraft:wooden_pickaxe":1},"minecraft:killed":{"minecraft:salmon":24,"minecraft:creeper":1,"minecraft:sheep":3,"minecraft:cow":7},"minecraft:custom":{"minecraft:interact_with_furnace":44,"minecraft:mob_kills":35,"minecraft:interact_with_crafting_table":13,"minecraft:leave_game":1,"minecraft:time_since_death":71721,"minecraft:sleep_in_bed":4,"minecraft:time_since_rest":3681,"minecraft:sprint_one_cm":181374,"minecraft:damage_taken":328,"minecraft:walk_one_cm":218685,"minecraft:drop":11,"minecraft:damage_dealt":2080,"minecraft:swim_one_cm":31312,"minecraft:fly_one_cm":220336,"minecraft:crouch_one_cm":1505,"minecraft:play_time":71721,"minecraft:sneak_time":655,"minecraft:walk_under_water_one_cm":11969,"minecraft:boat_one_cm":23777,"minecraft:jump":1576,"minecraft:walk_on_water_one_cm":9511,"minecraft:total_world_time":71721,"minecraft:fall_one_cm":32971},"minecraft:mined":{"minecraft:white_bed":6,"minecraft:dark_oak_leaves":1,"minecraft:dark_oak_log":53,"minecraft:dandelion":1,"minecraft:powder_snow":38,"minecraft:crafting_table":6,"minecraft:short_grass":3,"minecraft:grass_block":3,"minecraft:poppy":1,"minecraft:sugar_cane":5,"minecraft:diorite":4,"minecraft:wall_torch":1,"minecraft:pink_petals":2,"minecraft:tall_seagrass":1,"minecraft:furnace":5,"minecraft:birch_log":5,"minecraft:iron_ore":10,"minecraft:andesite":1,"minecraft:oak_log":6,"minecraft:coal_ore":19,"minecraft:gravel":9,"minecraft:dirt":14,"minecraft:stone":43},"minecraft:crafted":{"minecraft:cooked_beef":14,"minecraft:red_dye":1,"minecraft:oak_planks":24,"minecraft:cooked_porkchop":9,"minecraft:leather_boots":3,"minecraft:crafting_table":1,"minecraft:wooden_pickaxe":1,"minecraft:furnace":1,"minecraft:cooked_salmon":14,"minecraft:stone_axe":2,"minecraft:cooked_mutton":8,"minecraft:air":0,"minecraft:iron_chestplate":1,"minecraft:shield":1,"minecraft:stick":16,"minecraft:iron_ingot":9,"minecraft:stone_pickaxe":1,"minecraft:wooden_axe":1,"minecraft:white_bed":1,"minecraft:dark_oak_planks":8,"minecraft:torch":16},"minecraft:broken":{"minecraft:stone_axe":1}},"DataVersion":3953}