{"stats":{"minecraft:broken":{"minecraft:stone_pickaxe":1,"minecraft:diamond_pickaxe":1,"minecraft:stone_axe":6,"minecraft:iron_hoe":1,"minecraft:shield":1,"minecraft:golden_axe":1,"minecraft:iron_axe":1,"minecraft:iron_pickaxe":3},"minecraft:dropped":{"minecraft:cooked_beef":19,"minecraft:diamond":10,"minecraft:glass_bottle":1,"minecraft:crafting_table":1,"minecraft:dark_oak_sapling":1,"minecraft:cooked_porkchop":3,"minecraft:dirt":19,"minecraft:dark_oak_log":19,"minecraft:snowball":2,"minecraft:bone_block":15,"minecraft:dark_oak_planks":6,"minecraft:dark_oak_boat":1,"minecraft:bone":4,"minecraft:gravel":5,"minecraft:stone_axe":3,"minecraft:goat_horn":2,"minecraft:sugar_cane":38,"minecraft:cobbled_deepslate":56,"minecraft:pointed_dripstone":5,"minecraft:rotten_flesh":16,"minecraft:cooked_mutton":12,"minecraft:ward_armor_trim_smithing_template":1,"minecraft:rabbit_hide":1,"minecraft:leather_boots":3,"minecraft:chest":5,"minecraft:leather_leggings":1,"minecraft:basalt":2,"minecraft:arrow":7,"minecraft:netherrack":9,"minecraft:stone_hoe":2,"minecraft:iron_ingot":4,"minecraft:bread":21,"minecraft:wheat_seeds":9,"minecraft:tnt":2,"minecraft:mossy_cobblestone":6,"minecraft:dripstone_block":7,"minecraft:diamond_leggings":1,"minecraft:iron_helmet":1,"minecraft:cobblestone":26,"minecraft:granite":22,"minecraft:coal":47,"minecraft:diorite":5,"minecraft:sculk_catalyst":1,"minecraft:gray_bed":2,"minecraft:wooden_axe":1,"minecraft:map":7,"minecraft:iron_shovel":1,"minecraft:chainmail_leggings":1,"minecraft:string":2,"minecraft:pink_petals":24,"minecraft:blue_carpet":6,"minecraft:bucket":3,"minecraft:gray_carpet":2,"minecraft:furnace":2,"minecraft:moss_carpet":7,"minecraft:soul_soil":6,"minecraft:blaze_rod":2,"minecraft:tuff":19,"minecraft:nether_bricks":6,"minecraft:shears":1,"minecraft:deepslate_bricks":1,"minecraft:filled_map":1,"minecraft:cyan_wool":3,"minecraft:shield":15,"minecraft:spruce_planks":1,"minecraft:diamond_pickaxe":1,"minecraft:andesite":8,"minecraft:spruce_log":6,"minecraft:diamond_boots":1,"minecraft:birch_boat":1,"minecraft:stone_pickaxe":2,"minecraft:bow":1,"minecraft:wooden_pickaxe":1,"minecraft:cracked_deepslate_bricks":3,"minecraft:magma_block":7},"minecraft:custom":{"minecraft:interact_with_crafting_table":81,"minecraft:leave_game":21,"minecraft:time_since_death":1168949,"minecraft:sprint_one_cm":3178800,"minecraft:damage_blocked_by_shield":3975,"minecraft:drop":155,"minecraft:talked_to_villager":449,"minecraft:play_time":1168949,"minecraft:jump":21930,"minecraft:interact_with_brewingstand":6,"minecraft:walk_on_water_one_cm":156902,"minecraft:enchant_item":12,"minecraft:interact_with_furnace":191,"minecraft:traded_with_villager":346,"minecraft:sleep_in_bed":40,"minecraft:damage_dealt":25433,"minecraft:crouch_one_cm":574177,"minecraft:use_cauldron":7,"minecraft:interact_with_smithing_table":3,"minecraft:horse_one_cm":607450,"minecraft:interact_with_anvil":5,"minecraft:mob_kills":176,"minecraft:fill_cauldron":1,"minecraft:climb_one_cm":13785,"minecraft:walk_one_cm":2573808,"minecraft:sneak_time":152696,"minecraft:walk_under_water_one_cm":78235,"minecraft:boat_one_cm":560254,"minecraft:total_world_time":1168949,"minecraft:interact_with_grindstone":3,"minecraft:time_since_rest":42162,"minecraft:damage_taken":8053,"minecraft:damage_absorbed":177,"minecraft:swim_one_cm":110372,"minecraft:fly_one_cm":3804114,"minecraft:open_chest":639,"minecraft:fall_one_cm":588388},"minecraft:used":{"minecraft:cherry_sapling":30,"minecraft:jack_o_lantern":2,"minecraft:iron_shovel":450,"minecraft:diamond_hoe":3256,"minecraft:shield":78,"minecraft:chest":3,"minecraft:iron_sword":184,"minecraft:rotten_flesh":2,"minecraft:nether_bricks":7,"minecraft:carrot":226,"minecraft:deepslate_tile_slab":4,"minecraft:tuff":5,"minecraft:axolotl_bucket":1,"minecraft:cyan_wool":17,"minecraft:azure_bluet":1,"minecraft:obsidian":34,"minecraft:spruce_boat":3,"minecraft:glass":4,"minecraft:lava_bucket":4,"minecraft:dark_oak_button":4,"minecraft:stone_brick_stairs":1,"minecraft:magma_block":4,"minecraft:dark_oak_boat":10,"minecraft:sweet_berries":35,"minecraft:furnace":7,"minecraft:cooked_cod":3,"minecraft:gray_bed":2,"minecraft:egg":2,"minecraft:potato":27,"minecraft:diorite":5,"minecraft:stone_pickaxe":141,"minecraft:sugar_cane":14,"minecraft:wooden_pickaxe":10,"minecraft:blue_bed":3,"minecraft:composter":1,"minecraft:glow_berries":2,"minecraft:golden_apple":5,"minecraft:dark_oak_trapdoor":3,"minecraft:light_blue_wool":39,"minecraft:dripstone_block":5,"minecraft:shears":143,"minecraft:dark_oak_log":30,"minecraft:bread":68,"minecraft:lectern":153,"minecraft:gravel":7,"minecraft:grindstone":1,"minecraft:smithing_table":1,"minecraft:cooked_rabbit":1,"minecraft:andesite":5,"minecraft:oak_fence":1,"minecraft:bone_meal":54,"minecraft:experience_bottle":10,"minecraft:enchanting_table":1,"minecraft:stone_sword":44,"minecraft:flint_and_steel":33,"minecraft:cooked_salmon":14,"minecraft:cooked_chicken":5,"minecraft:netherrack":758,"minecraft:torch":878,"minecraft:anvil":1,"minecraft:spyglass":172,"minecraft:brewing_stand":1,"minecraft:dirt":316,"minecraft:warped_wart_block":1,"minecraft:iron_hoe":520,"minecraft:dark_oak_planks":11,"minecraft:wooden_axe":3,"minecraft:iron_axe":731,"minecraft:melon_seeds":3,"minecraft:bamboo":3,"minecraft:basalt":130,"minecraft:beef":1,"minecraft:soul_soil":26,"minecraft:goat_horn":18,"minecraft:cherry_fence":11,"minecraft:cooked_beef":17,"minecraft:cobbled_deepslate":304,"minecraft:cherry_log":9,"minecraft:powder_snow_bucket":6,"minecraft:pointed_dripstone":5,"minecraft:golden_axe":33,"minecraft:wheat_seeds":10,"minecraft:cooked_mutton":21,"minecraft:water_bucket":153,"minecraft:baked_potato":20,"minecraft:cartography_table":1,"minecraft:blue_wool":38,"minecraft:birch_boat":15,"minecraft:cherry_planks":141,"minecraft:fletching_table":2,"minecraft:salmon":4,"minecraft:rail":1,"minecraft:crafting_table":20,"minecraft:white_bed":13,"minecraft:dark_oak_door":14,"minecraft:diamond_pickaxe":4309,"minecraft:apple":1,"minecraft:diamond_shovel":666,"minecraft:cherry_door":2,"minecraft:iron_pickaxe":706,"minecraft:map":2,"minecraft:stone_axe":835,"minecraft:pink_petals":23,"minecraft:cobblestone":150,"minecraft:potion":2,"minecraft:cooked_porkchop":10,"minecraft:bucket":170,"minecraft:pumpkin_pie":1,"minecraft:gray_wool":92,"minecraft:splash_potion":1,"minecraft:soul_torch":52},"minecraft:picked_up":{"minecraft:chiseled_deepslate":1,"minecraft:anvil":1,"minecraft:smithing_table":1,"minecraft:lead":2,"minecraft:potion":2,"minecraft:stone_brick_stairs":1,"minecraft:brewing_stand":1,"minecraft:string":7,"minecraft:dark_oak_trapdoor":1,"minecraft:raw_copper":24,"minecraft:soul_soil":32,"minecraft:gold_nugget":20,"minecraft:cobbled_deepslate":1269,"minecraft:bucket":4,"minecraft:iron_pickaxe":1,"minecraft:melon_slice":18,"minecraft:dark_oak_door":6,"minecraft:furnace":6,"minecraft:blue_wool":38,"minecraft:stick":78,"minecraft:composter":1,"minecraft:oak_fence":1,"minecraft:torch":66,"minecraft:porkchop":14,"minecraft:cherry_log":818,"minecraft:pointed_dripstone":13,"minecraft:diorite":52,"minecraft:goat_horn":3,"minecraft:stone_sword":1,"minecraft:rotten_flesh":34,"minecraft:light_blue_wool":39,"minecraft:blaze_rod":2,"minecraft:obsidian":38,"minecraft:snowball":2,"minecraft:cobblestone":482,"minecraft:birch_log":9,"minecraft:pink_petals":77,"minecraft:magma_block":15,"minecraft:feather":6,"minecraft:cooked_beef":13,"minecraft:cherry_planks":67,"minecraft:andesite":63,"minecraft:dark_oak_boat":10,"minecraft:potato":62,"minecraft:cherry_fence":5,"minecraft:flint":10,"minecraft:tuff":117,"minecraft:silence_armor_trim_smithing_template":5,"minecraft:cherry_door":7,"minecraft:lapis_lazuli":310,"minecraft:dirt":385,"minecraft:leather_boots":2,"minecraft:bone":21,"minecraft:bow":1,"minecraft:wheat_seeds":79,"minecraft:raw_gold":25,"minecraft:grindstone":1,"minecraft:mossy_stone_bricks":1,"minecraft:stone_hoe":2,"minecraft:oak_planks":6,"minecraft:cooked_porkchop":1,"minecraft:warped_wart_block":1,"minecraft:sand":516,"minecraft:dark_oak_log":92,"minecraft:mossy_cobblestone":6,"minecraft:iron_hoe":1,"minecraft:diamond":139,"minecraft:spruce_boat":3,"minecraft:granite":60,"minecraft:bone_meal":1,"minecraft:golden_apple":1,"minecraft:emerald":3,"minecraft:bread":21,"minecraft:jack_o_lantern":2,"minecraft:netherrack":845,"minecraft:diamond_pickaxe":1,"minecraft:crafting_table":16,"minecraft:azure_bluet":111,"minecraft:chicken":5,"minecraft:nether_wart":58,"minecraft:clay_ball":376,"minecraft:leather_leggings":1,"minecraft:brown_mushroom":28,"minecraft:cooked_rabbit":1,"minecraft:gold_block":5,"minecraft:stripped_cherry_log":1,"minecraft:shield":3,"minecraft:moss_carpet":7,"minecraft:compass":1,"minecraft:glass_pane":6,"minecraft:cracked_stone_bricks":1,"minecraft:cartography_table":1,"minecraft:beef":20,"minecraft:cyan_wool":20,"minecraft:poppy":39,"minecraft:lectern":153,"minecraft:sugar_cane":341,"minecraft:chest":6,"minecraft:egg":2,"minecraft:dark_oak_sapling":1,"minecraft:raw_iron":169,"minecraft:carrot":586,"minecraft:redstone":131,"minecraft:blue_carpet":6,"minecraft:dark_oak_planks":12,"minecraft:arrow":33,"minecraft:beetroot_seeds":3,"minecraft:nether_bricks":13,"minecraft:shears":1,"minecraft:deepslate_bricks":1,"minecraft:hay_block":15,"minecraft:cracked_deepslate_bricks":3,"minecraft:ward_armor_trim_smithing_template":1,"minecraft:glow_berries":4,"minecraft:mutton":19,"minecraft:bone_block":21,"minecraft:rail":3,"minecraft:white_wool":15,"minecraft:basalt":130,"minecraft:salmon":23,"minecraft:leather":12,"minecraft:oak_log":20,"minecraft:golden_boots":1,"minecraft:deepslate_tile_slab":10,"minecraft:blue_bed":3,"minecraft:cooked_mutton":8,"minecraft:gray_carpet":2,"minecraft:rabbit_hide":1,"minecraft:iron_ingot":23,"minecraft:stone_pickaxe":2,"minecraft:gray_bed":2,"minecraft:soul_sand":10,"minecraft:dark_oak_stairs":2,"minecraft:book":12,"minecraft:sculk_catalyst":3,"minecraft:warped_fungus":10,"minecraft:birch_boat":15,"minecraft:sweet_berries":35,"minecraft:sculk":4,"minecraft:quartz":2,"minecraft:dripstone_block":15,"minecraft:gravel":83,"minecraft:amethyst_shard":48,"minecraft:soul_torch":1,"minecraft:spruce_sapling":1,"minecraft:white_bed":11,"minecraft:spruce_log":14,"minecraft:spider_eye":1,"minecraft:sculk_sensor":4,"minecraft:slime_ball":2,"minecraft:stone_axe":1,"minecraft:cherry_sapling":43,"minecraft:gray_wool":120,"minecraft:warped_roots":3,"minecraft:melon_seeds":3,"minecraft:coal":149,"minecraft:ender_pearl":1},"minecraft:crafted":{"minecraft:oak_planks":80,"minecraft:smooth_stone":15,"minecraft:dark_oak_boat":2,"minecraft:melon":2,"minecraft:birch_boat":1,"minecraft:cooked_chicken":5,"minecraft:diamond_shovel":1,"minecraft:cooked_mutton":25,"minecraft:suspicious_stew":6,"minecraft:dark_oak_door":9,"minecraft:glass":209,"minecraft:diamond_helmet":2,"minecraft:diamond_leggings":3,"minecraft:chest":2,"minecraft:cherry_fence":9,"minecraft:gray_bed":2,"minecraft:emerald":281,"minecraft:cooked_porkchop":23,"minecraft:map":10,"minecraft:crafting_table":6,"minecraft:spruce_planks":68,"minecraft:iron_helmet":2,"minecraft:wooden_pickaxe":1,"minecraft:baked_potato":20,"minecraft:copper_ingot":2,"minecraft:fletching_table":2,"minecraft:birch_planks":16,"minecraft:iron_chestplate":1,"minecraft:diamond_pickaxe":2,"minecraft:shield":13,"minecraft:stick":6476,"minecraft:iron_ingot":94,"minecraft:iron_pickaxe":2,"minecraft:gold_ingot":17,"minecraft:shears":3,"minecraft:golden_carrot":36,"minecraft:cherry_planks":3240,"minecraft:leather_leggings":1,"minecraft:leather_boots":3,"minecraft:spyglass":1,"minecraft:furnace":4,"minecraft:dark_oak_trapdoor":2,"minecraft:bone_meal":54,"minecraft:glass_pane":544,"minecraft:flint_and_steel":2,"minecraft:iron_axe":3,"minecraft:iron_hoe":2,"minecraft:stone_pickaxe":2,"minecraft:diamond_boots":2,"minecraft:filled_map":1,"minecraft:spruce_boat":1,"minecraft:dark_oak_planks":96,"minecraft:chainmail_leggings":1,"minecraft:wheat":135,"minecraft:cooked_beef":23,"minecraft:sugar":1,"minecraft:red_dye":2,"minecraft:enchanting_table":1,"minecraft:iron_sword":1,"minecraft:cooked_salmon":14,"minecraft:bucket":1,"minecraft:dark_oak_button":6,"minecraft:stone_axe":6,"minecraft:enchanted_book":1,"minecraft:air":0,"minecraft:bread":45,"minecraft:fermented_spider_eye":1,"minecraft:wooden_axe":1,"minecraft:iron_shovel":4,"minecraft:white_bed":3,"minecraft:pumpkin_pie":64,"minecraft:torch":832,"minecraft:diamond_chestplate":2},"minecraft:killed":{"minecraft:spider":12,"minecraft:skeleton":26,"minecraft:chicken":5,"minecraft:magma_cube":1,"minecraft:pig":6,"minecraft:zombie_villager":1,"minecraft:salmon":24,"minecraft:creeper":2,"minecraft:sheep":14,"minecraft:zombie":54,"minecraft:blaze":3,"minecraft:cow":12,"minecraft:slime":2,"minecraft:drowned":2,"minecraft:bat":1,"minecraft:enderman":3},"minecraft:mined":{"minecraft:dark_oak_planks":7,"minecraft:blue_carpet":2,"minecraft:large_amethyst_bud":1,"minecraft:white_bed":12,"minecraft:cherry_log":820,"minecraft:sculk_vein":154,"minecraft:brewing_stand":1,"minecraft:obsidian":38,"minecraft:granite":70,"minecraft:grass_block":219,"minecraft:soul_soil":45,"minecraft:deepslate_bricks":3,"minecraft:deepslate_tile_stairs":2,"minecraft:blue_wool":41,"minecraft:composter":1,"minecraft:nether_wart":39,"minecraft:spawner":3,"minecraft:tall_seagrass":3,"minecraft:magma_block":14,"minecraft:sculk_catalyst":3,"minecraft:glowstone":1,"minecraft:dark_oak_trapdoor":1,"minecraft:iron_ore":119,"minecraft:cobbled_deepslate":28,"minecraft:fire":41,"minecraft:anvil":1,"minecraft:deepslate_lapis_ore":40,"minecraft:azure_bluet":13,"minecraft:dark_oak_stairs":3,"minecraft:sculk_shrieker":28,"minecraft:pointed_dripstone":5,"minecraft:deepslate_redstone_ore":33,"minecraft:soul_wall_torch":1,"minecraft:brown_mushroom":28,"minecraft:blackstone":26,"minecraft:soul_fire":6,"minecraft:deepslate_tile_slab":10,"minecraft:amethyst_cluster":13,"minecraft:powder_snow":61,"minecraft:clay":94,"minecraft:torch":27,"minecraft:poppy":8,"minecraft:melon":3,"minecraft:chest":6,"minecraft:nether_quartz_ore":5,"minecraft:cobblestone":24,"minecraft:grindstone":1,"minecraft:oak_planks":1,"minecraft:sugar_cane":218,"minecraft:wall_torch":16,"minecraft:amethyst_block":2,"minecraft:pink_petals":16,"minecraft:seagrass":5,"minecraft:cyan_wool":18,"minecraft:cherry_fence":5,"minecraft:dark_oak_door":7,"minecraft:birch_log":9,"minecraft:wheat":1,"minecraft:warped_fungus":10,"minecraft:stone_brick_stairs":1,"minecraft:oak_log":20,"minecraft:sand":601,"minecraft:dirt":155,"minecraft:netherrack":1203,"minecraft:oak_leaves":7,"minecraft:deepslate":2061,"minecraft:nether_gold_ore":6,"minecraft:deepslate_tiles":4,"minecraft:tuff":122,"minecraft:light_blue_wool":39,"minecraft:mossy_cobblestone":5,"minecraft:dark_oak_leaves":1,"minecraft:deepslate_diamond_ore":128,"minecraft:stripped_cherry_log":1,"minecraft:dark_oak_log":77,"minecraft:jack_o_lantern":2,"minecraft:nether_bricks":15,"minecraft:spruce_leaves":17,"minecraft:moss_block":1,"minecraft:cartography_table":1,"minecraft:large_fern":10,"minecraft:hay_block":15,"minecraft:furnace":6,"minecraft:carrots":107,"minecraft:snow":7,"minecraft:andesite":63,"minecraft:chiseled_deepslate":1,"minecraft:gold_block":5,"minecraft:bookshelf":4,"minecraft:potatoes":12,"minecraft:deepslate_iron_ore":56,"minecraft:rail":1,"minecraft:packed_ice":2,"minecraft:stone":481,"minecraft:bone_block":21,"minecraft:smithing_table":1,"minecraft:cherry_planks":35,"minecraft:snow_block":1,"minecraft:basalt":204,"minecraft:dandelion":1,"minecraft:oak_fence":1,"minecraft:crafting_table":15,"minecraft:short_grass":111,"minecraft:emerald_ore":3,"minecraft:warped_roots":3,"minecraft:sculk_sensor":135,"minecraft:lectern":153,"minecraft:copper_ore":8,"minecraft:tall_grass":9,"minecraft:lapis_ore":11,"minecraft:deepslate_gold_ore":20,"minecraft:cracked_deepslate_bricks":4,"minecraft:sculk":3454,"minecraft:diorite":55,"minecraft:blue_bed":3,"minecraft:warped_wart_block":1,"minecraft:gray_wool":107,"minecraft:sweet_berry_bush":15,"minecraft:gray_bed":1,"minecraft:spruce_log":15,"minecraft:coal_ore":156,"minecraft:cherry_leaves":57,"minecraft:gravel":100,"minecraft:dripstone_block":10,"minecraft:gray_carpet":4,"minecraft:cobweb":15,"minecraft:cracked_stone_bricks":1,"minecraft:mossy_stone_bricks":1,"minecraft:gold_ore":5,"minecraft:fern":7}},"DataVersion":3953}