{"stats":{"minecraft:used":{"minecraft:wooden_axe":3,"minecraft:stone_pickaxe":22,"minecraft:wooden_pickaxe":10,"minecraft:cooked_salmon":1,"minecraft:stone_axe":71,"minecraft:salmon":4,"minecraft:dirt":8,"minecraft:crafting_table":3,"minecraft:furnace":1},"minecraft:picked_up":{"minecraft:birch_log":5,"minecraft:crafting_table":2,"minecraft:salmon":23,"minecraft:leather":4,"minecraft:dark_oak_boat":1,"minecraft:oak_log":6,"minecraft:dark_oak_log":35,"minecraft:dirt":17,"minecraft:beef":2,"minecraft:bone_meal":1,"minecraft:sugar_cane":7,"minecraft:mutton":3,"minecraft:coal":9,"minecraft:white_wool":2,"minecraft:cobblestone":22},"minecraft:dropped":{"minecraft:wooden_axe":1,"minecraft:wooden_pickaxe":1},"minecraft:killed":{"minecraft:sheep":2,"minecraft:salmon":24,"minecraft:cow":2},"minecraft:custom":{"minecraft:time_since_rest":17721,"minecraft:interact_with_furnace":4,"minecraft:sprint_one_cm":45310,"minecraft:damage_taken":85,"minecraft:walk_one_cm":36370,"minecraft:mob_kills":28,"minecraft:drop":2,"minecraft:damage_dealt":1080,"minecraft:swim_one_cm":29474,"minecraft:interact_with_crafting_table":4,"minecraft:fly_one_cm":48497,"minecraft:play_time":17721,"minecraft:sneak_time":109,"minecraft:walk_under_water_one_cm":11245,"minecraft:boat_one_cm":21249,"minecraft:jump":388,"minecraft:leave_game":1,"minecraft:time_since_death":17721,"minecraft:walk_on_water_one_cm":8364,"minecraft:total_world_time":17721,"minecraft:fall_one_cm":8117},"minecraft:mined":{"minecraft:tall_seagrass":1,"minecraft:dark_oak_leaves":1,"minecraft:birch_log":5,"minecraft:dark_oak_log":37,"minecraft:crafting_table":2,"minecraft:coal_ore":9,"minecraft:grass_block":3,"minecraft:oak_log":6,"minecraft:dirt":14,"minecraft:stone":22,"minecraft:sugar_cane":5},"minecraft:crafted":{"minecraft:oak_planks":24,"minecraft:crafting_table":1,"minecraft:stick":8,"minecraft:wooden_pickaxe":1,"minecraft:stone_pickaxe":1,"minecraft:wooden_axe":1,"minecraft:furnace":1,"minecraft:cooked_salmon":1,"minecraft:stone_axe":1,"minecraft:air":0}},"DataVersion":3953}