{"stats":{"minecraft:used":{"minecraft:dark_oak_planks":2,"minecraft:wooden_axe":59,"minecraft:stone_pickaxe":25,"minecraft:wooden_pickaxe":17,"minecraft:stone_axe":227,"minecraft:torch":2,"minecraft:dirt":1,"minecraft:cobblestone":2,"minecraft:crafting_table":4,"minecraft:mushroom_stew":7},"minecraft:picked_up":{"minecraft:crafting_table":4,"minecraft:feather":8,"minecraft:chicken":7,"minecraft:leather":12,"minecraft:brown_mushroom":26,"minecraft:torch":2,"minecraft:red_mushroom":29,"minecraft:porkchop":2,"minecraft:dark_oak_log":38,"minecraft:dirt":1,"minecraft:dark_oak_planks":2,"minecraft:arrow":2,"minecraft:beef":21,"minecraft:poppy":1,"minecraft:mutton":21,"minecraft:coal":13,"minecraft:white_wool":16,"minecraft:cobblestone":25,"minecraft:egg":3},"minecraft:killed":{"minecraft:sheep":15,"minecraft:skeleton":1,"minecraft:pig":1,"minecraft:chicken":7,"minecraft:cow":9},"minecraft:custom":{"minecraft:time_since_rest":19752,"minecraft:sprint_one_cm":92417,"minecraft:damage_taken":220,"minecraft:walk_one_cm":32739,"minecraft:mob_kills":34,"minecraft:damage_dealt":2679,"minecraft:swim_one_cm":2437,"minecraft:interact_with_crafting_table":6,"minecraft:fly_one_cm":76558,"minecraft:crouch_one_cm":2680,"minecraft:play_time":19752,"minecraft:sneak_time":863,"minecraft:walk_under_water_one_cm":407,"minecraft:jump":527,"minecraft:leave_game":1,"minecraft:walk_on_water_one_cm":395,"minecraft:time_since_death":19752,"minecraft:total_world_time":19752,"minecraft:fall_one_cm":13648},"minecraft:mined":{"minecraft:dark_oak_planks":2,"minecraft:dark_oak_log":38,"minecraft:azure_bluet":1,"minecraft:crafting_table":4,"minecraft:short_grass":4,"minecraft:coal_ore":13,"minecraft:grass_block":1,"minecraft:poppy":1,"minecraft:mushroom_stem":27,"minecraft:brown_mushroom_block":90,"minecraft:cobblestone":2,"minecraft:red_mushroom_block":84,"minecraft:stone":23,"minecraft:oak_leaves":10,"minecraft:wall_torch":2},"minecraft:crafted":{"minecraft:crafting_table":1,"minecraft:stick":12,"minecraft:wooden_pickaxe":1,"minecraft:stone_pickaxe":1,"minecraft:wooden_axe":1,"minecraft:bowl":4,"minecraft:mushroom_stew":8,"minecraft:dark_oak_planks":28,"minecraft:torch":4,"minecraft:stone_axe":2},"minecraft:broken":{"minecraft:wooden_axe":1,"minecraft:stone_axe":1}},"DataVersion":3953}